mac,hour_of_day,day_of_week,times_seen,lat,lon
00:A0:DE:88:28:FB,2,4,1,,
BC:FF:4D:0F:47:43,2,4,1,,
6C:40:08:B9:A2:38,2,4,1,,
30:05:5C:5C:AC:B7,2,4,1,,
D0:21:F9:93:D2:FD,2,4,1,,
76:C9:5E:AA:7F:11,2,4,1,,
D0:21:F9:93:D1:F7,2,4,1,,
D0:21:F9:93:D1:EB,2,4,1,,
CC:40:D0:C7:43:C8,2,4,1,,
2C:B4:3A:19:B9:BE,2,4,1,,
30:6A:85:9C:29:10,2,4,1,,
22:B0:85:8A:1A:54,2,4,1,,
C4:EA:1D:63:8C:F2,2,4,1,,
62:22:32:1B:C7:07,2,4,1,,
D0:21:F9:93:38:5F,2,4,1,,
80:30:49:22:5E:F3,2,4,1,,
A0:B5:3C:C5:11:96,2,4,1,,
AC:44:F2:41:6F:5B,2,4,1,,
20:C3:8F:ED:16:C9,2,4,1,,
00:11:32:FF:43:E5,2,4,1,,
00:24:9B:6E:33:D0,2,4,1,,
8C:C6:81:57:CC:FE,2,4,1,,
D0:DB:B7:95:76:ED,2,4,2,,
AC:D0:74:87:4C:EF,2,4,1,,
02:4B:54:59:0C:5E,2,4,1,,
7E:9D:64:8E:11:A5,2,4,1,,
76:A7:7E:A9:97:14,2,4,1,,
CA:A7:CF:F5:B7:FA,2,4,1,,
1C:61:B4:36:D9:17,3,4,42,,
6A:FE:F7:A9:90:64,3,4,28,,
D8:3A:DD:01:24:17,3,4,42,115.862385,-32.00617
D8:3A:DD:01:24:17,3,4,42,115.862808,-32.006202
D8:3A:DD:01:24:17,3,4,42,115.869687,-32.007305
D8:3A:DD:01:24:17,3,4,42,115.876077,-32.012123
D8:3A:DD:01:24:17,3,4,42,115.891678,-32.012992
D8:3A:DD:01:24:17,3,4,42,115.900487,-32.012035
D8:3A:DD:01:24:17,3,4,42,115.89791,-32.006012
D8:3A:DD:01:24:17,3,4,42,115.897055,-32.006327
D8:3A:DD:01:24:17,3,4,42,115.895855,-32.007187
D8:3A:DD:01:24:17,3,4,42,115.895855,-32.007187
D8:3A:DD:01:24:17,3,4,42,115.895855,-32.007187
D8:3A:DD:01:24:17,3,4,42,115.895855,-32.007187
D8:3A:DD:01:24:17,3,4,42,115.895855,-32.007187
D8:3A:DD:01:24:17,3,4,42,115.895855,-32.007187
D8:3A:DD:01:24:17,3,4,42,115.895855,-32.007187
D8:3A:DD:01:24:17,3,4,42,115.895855,-32.007187
D8:3A:DD:01:24:17,3,4,42,115.895855,-32.007187
D8:3A:DD:01:24:17,3,4,42,115.895855,-32.007187
D8:3A:DD:01:24:17,3,4,42,115.895855,-32.007187
D8:3A:DD:01:24:17,3,4,42,115.895855,-32.007187
D8:3A:DD:01:24:17,3,4,42,115.895855,-32.007187
D8:3A:DD:01:24:17,3,4,42,115.895855,-32.007187
D8:3A:DD:01:24:17,3,4,42,115.895855,-32.007187
D8:3A:DD:01:24:17,3,4,42,115.895855,-32.007187
D8:3A:DD:01:24:17,3,4,42,115.895855,-32.007187
D8:3A:DD:01:24:17,3,4,42,115.895855,-32.007187
D8:3A:DD:01:24:17,3,4,42,115.895855,-32.007187
D8:3A:DD:01:24:17,3,4,42,115.895855,-32.007187
D8:3A:DD:01:24:17,3,4,42,115.895855,-32.007187
D8:3A:DD:01:24:17,3,4,42,115.895855,-32.007187
D8:3A:DD:01:24:17,3,4,42,115.895855,-32.007187
D8:3A:DD:01:24:17,3,4,42,115.895855,-32.007187
D8:3A:DD:01:24:17,3,4,42,115.895855,-32.007187
D8:3A:DD:01:24:17,3,4,42,115.895855,-32.007187
D8:3A:DD:01:24:17,3,4,42,115.895855,-32.007187
D8:3A:DD:01:24:17,3,4,42,115.895855,-32.007187
D8:3A:DD:01:24:17,3,4,42,115.895855,-32.007187
D8:3A:DD:01:24:17,3,4,42,115.895855,-32.007187
D8:3A:DD:01:24:17,3,4,42,115.895855,-32.007187
D8:3A:DD:01:24:17,3,4,42,115.895855,-32.007187
F0:23:B9:EB:40:7D,2,4,1,,
C8:99:B2:A8:28:11,2,4,1,,
E4:D5:00:00:00:00,2,4,1,,
22:1C:ED:AF:CE:9A,2,4,1,,
18:D7:00:00:00:00,2,4,1,,
1E:EE:DD:93:51:27,2,4,1,,
EC:71:DB:9A:06:4B,2,4,1,,
F8:1A:2B:09:0B:34,2,4,1,,
FA:1A:2B:09:0B:35,2,4,1,,
14:22:3B:20:72:58,2,4,1,,
16:22:3B:20:72:5C,2,4,1,,
20:1F:3B:01:9D:70,2,4,1,,
00:40:9D:8F:3E:8A,2,4,2,,
E2:76:42:FD:87:BA,2,4,1,,
58:D5:6E:DE:CE:A6,2,4,1,,
9A:79:38:C7:71:9B,2,4,1,,
D4:35:1D:EA:20:0D,2,4,1,,
BC:45:5B:9A:FB:8A,2,4,1,,
FE:86:16:F0:35:2D,2,4,1,,
88:DE:A9:6D:1E:CF,2,4,1,,
CC:15:31:F5:CF:7B,2,4,1,,
00:0E:58:C9:68:96,2,4,1,,
9C:A3:A9:71:7A:0A,2,4,1,,
58:D5:6E:DE:CE:A1,2,4,1,,
00:25:00:FF:94:73,3,4,25,,
D4:35:1D:25:5C:CC,2,4,1,,
5C:AA:FD:22:14:B6,2,4,1,,
38:A6:59:DC:1C:9C,2,4,1,,
EA:7A:2C:0A:7A:94,2,4,1,,
74:EE:2A:6A:12:3B,2,4,1,,
22:1D:F0:14:34:CE,2,4,1,,
00:09:0F:DC:27:05,2,4,1,,
5C:93:A2:BB:F3:29,2,4,1,,
9C:A3:A9:EB:63:AB,2,4,1,,
44:BB:3B:05:B8:B0,2,4,2,115.862632,-32.005027
30:95:87:13:89:0A,2,4,2,115.862555,-32.005505
BC:51:FE:33:93:C3,2,4,2,,
E6:5E:1B:B4:B4:9D,2,4,1,,
E6:5E:1B:8F:F5:84,2,4,1,,
50:02:91:10:93:0D,2,4,1,,
F0:2F:74:FD:4B:81,2,4,1,115.862532,-32.005233
02:4C:02:0E:0A:30,2,4,1,,
98:D8:63:1A:85:6E,2,4,1,,
0A:26:12:31:BC:9A,2,4,1,,
02:00:00:00:00:00,2,4,1,,
CA:45:73:34:93:14,2,4,1,,
18:F1:45:30:C5:ED,2,4,1,,
B6:09:94:63:17:24,2,4,1,115.862827,-32.004953
D4:F5:47:A0:57:F8,2,4,1,115.862632,-32.00504
00:0E:58:D2:1E:78,2,4,1,,
EC:C8:9C:D3:42:58,2,4,2,115.862455,-32.00568
EC:C8:9C:D3:42:58,2,4,2,115.862455,-32.00568
36:56:B2:D3:76:48,2,4,1,,
D4:CA:6E:EB:58:9D,2,4,2,,
6A:31:4A:B8:51:61,2,4,1,,
F4:F5:D8:18:BB:80,2,4,2,,
94:B8:6D:C2:A2:EF,2,4,2,,
24:B7:2A:0A:C2:ED,2,4,2,115.862385,-32.00617
24:B7:2A:0A:C2:ED,2,4,2,115.862808,-32.006202
BE:61:92:E3:7B:62,2,4,1,,
24:DF:A7:F3:19:91,2,4,1,115.862422,-32.006305
98:F7:D7:2A:A1:DD,2,4,1,,
00:06:C6:4C:16:29,2,4,1,,
00:0E:8E:85:70:74,2,4,1,,
82:5F:E4:F7:BB:E7,2,4,1,,
9C:3D:CF:17:E3:76,2,4,1,,
9C:76:13:19:AD:15,2,4,2,,
8E:87:62:D5:FE:AF,2,4,1,115.862648,-32.006708
DA:47:32:0D:6F:2A,2,4,1,,
BC:22:28:97:42:D8,2,4,1,,
D2:BC:3A:90:2F:49,2,4,1,,
60:22:32:B0:33:FD,2,4,1,,
24:5A:4C:D6:78:12,2,4,1,,
78:98:E8:65:C7:97,2,4,1,,
5C:AA:FD:01:B5:78,2,4,1,,
22:C8:49:7F:8E:4D,2,4,1,115.862803,-32.0062
A0:80:69:CD:75:58,2,4,1,115.862808,-32.006202
00:17:13:34:77:81,2,4,1,,
42:0D:CB:AD:52:DE,2,4,1,,
10:51:07:87:C9:F9,2,4,1,115.862808,-32.006202
00:06:78:82:EF:C0,2,4,1,,
7A:C1:D0:AB:C7:58,2,4,1,,
B0:A7:B9:85:E5:9F,2,4,1,,
70:32:17:5D:B3:03,2,4,1,,
BC:30:D9:AC:DE:02,2,4,1,,
DE:96:09:12:56:79,2,4,7,,
8A:AC:23:04:80:76,2,4,1,115.862808,-32.006203
00:1E:C0:0D:78:61,2,4,1,,
3E:62:C2:B1:9E:AF,2,4,1,,
A6:C7:62:56:75:DF,2,4,1,115.865205,-32.006347
DC:A6:32:A9:E0:07,2,4,1,,
32:89:8C:33:BA:C9,2,4,1,115.865205,-32.006347
14:85:7F:46:C8:2D,2,4,1,115.865205,-32.006347
48:E1:E9:7B:5F:F0,2,4,1,,
80:30:DC:39:2D:BB,2,4,1,,
48:E1:E9:7B:37:7B,2,4,1,,
B6:E4:37:34:39:D7,2,4,1,,
1A:09:54:4E:60:5E,2,4,1,115.865955,-32.006342
16:A2:BB:ED:ED:9A,2,4,1,115.865955,-32.006342
0E:0B:4A:27:46:A5,2,4,1,115.866008,-32.006328
7A:31:C8:EC:23:FA,2,4,1,115.866008,-32.006328
AA:08:56:FE:67:C5,2,4,1,115.866008,-32.006328
56:C6:77:5C:4E:9D,2,4,1,115.866008,-32.006328
4A:7D:54:A3:FC:AC,2,4,1,115.866473,-32.006388
7A:D2:DD:C2:04:EF,2,4,1,115.86848,-32.00638
56:F8:03:30:9B:94,2,4,1,115.86868,-32.006332
00:06:C6:4B:FE:79,2,4,5,115.869628,-32.007273
00:06:C6:4B:FE:79,2,4,5,115.876592,-32.012078
00:06:C6:4B:FE:79,2,4,5,115.893585,-32.013138
00:06:C6:4B:FE:79,2,4,5,115.900435,-32.012632
00:06:C6:4B:FE:79,2,4,5,115.896772,-32.004915
94:DB:C9:AA:49:2A,2,4,4,115.869162,-32.00649
94:DB:C9:AA:49:2A,2,4,4,115.877173,-32.012087
94:DB:C9:AA:49:2A,2,4,4,115.893585,-32.013138
94:DB:C9:AA:49:2A,2,4,4,115.90047,-32.012272
94:DB:C9:AA:49:2A,2,4,4,115.897208,-32.005452
94:DB:C9:AA:49:2A,2,4,4,115.896943,-32.0052
98:06:3C:28:37:46,2,4,1,,
AA:7F:5B:55:CF:8F,2,4,1,115.86911,-32.00632
D6:35:1D:EA:76:FC,2,4,1,115.869103,-32.006358
2A:87:BA:0D:CE:E3,2,4,1,,
EA:FD:F4:5C:15:E2,2,4,1,115.869103,-32.006358
A6:2B:1A:4F:07:FB,2,4,1,115.869103,-32.006358
A2:20:F3:CE:5D:82,2,4,1,115.869135,-32.00637
D6:35:1D:25:5D:27,2,4,1,,
5C:AA:FD:AA:6A:AF,2,4,1,,
F2:72:EA:69:55:D4,2,4,1,,
3C:8D:20:F8:54:FB,2,4,1,,
F2:75:E2:89:AD:4E,2,4,1,115.869385,-32.007145
EA:AF:ED:54:39:06,2,4,1,115.86945,-32.007187
7C:2E:BD:28:03:0C,2,4,1,115.869628,-32.007273
8C:18:D9:04:57:22,2,4,1,115.869628,-32.007273
CE:F4:11:80:02:B9,2,4,1,115.87051,-32.008037
B2:E4:D5:07:CC:C4,2,4,1,,
C8:69:CD:84:F7:D2,2,4,1,,
C4:71:54:2E:25:B3,2,4,1,115.871018,-32.008942
D8:F1:5B:97:F3:8D,2,4,1,,
20:B0:01:34:72:B2,2,4,1,,
2C:FD:B3:8C:9D:EA,2,4,1,115.871428,-32.010973
8A:3A:E5:0C:DF:E6,2,4,1,115.871428,-32.010973
E6:16:AF:2E:0C:D0,2,4,1,115.871428,-32.010973
C4:3A:35:F1:6D:0D,2,4,1,115.871615,-32.011615
1C:1B:0D:93:BF:08,2,4,1,,
CA:AB:09:A1:D0:AA,2,4,1,115.871685,-32.011625
C8:2A:DD:8F:61:13,2,4,1,115.871685,-32.011625
D2:40:17:47:5A:61,2,4,1,115.873103,-32.011805
A2:44:C1:4A:D4:30,2,4,1,115.874973,-32.012052
CE:EF:E9:BB:CD:DB,2,4,1,115.875683,-32.012108
B2:9A:0D:C2:1C:76,2,4,1,115.875683,-32.012108
6A:8E:CA:6C:E7:1F,2,4,1,115.875683,-32.012108
7E:8B:12:79:B2:2E,2,4,1,115.875683,-32.012108
9A:E1:70:E6:24:E9,2,4,1,115.876852,-32.01208
10:13:31:D2:B2:4C,2,4,1,,
A2:B9:3E:F2:E9:1E,2,4,1,115.880183,-32.011972
1E:8A:7C:73:D7:F6,2,4,1,115.880648,-32.011928
36:23:03:34:D2:32,2,4,1,,
00:02:10:B9:16:4D,2,4,1,,
D8:13:99:A0:CF:3D,2,4,1,115.881123,-32.011857
66:53:FB:4D:16:6A,2,4,1,,
DA:88:EF:57:B8:E7,2,4,1,,
A2:69:58:C8:68:C9,2,4,1,115.884312,-32.01204
86:D2:B0:33:B1:18,2,4,1,115.884447,-32.012062
DC:A6:32:FF:70:F2,2,4,1,,
06:0B:FB:F8:01:36,2,4,1,115.884842,-32.01212
CC:9C:3E:C0:1F:D7,2,4,1,,
1A:65:CD:0A:A9:22,2,4,1,,
86:FE:7F:91:2E:DB,2,4,1,115.886852,-32.012383
E2:45:2E:05:2B:FB,2,4,1,,
CE:A6:F5:40:F9:59,2,4,1,115.88698,-32.012395
DE:CB:BC:C3:48:02,2,4,1,115.888475,-32.012573
DA:95:27:38:D6:73,2,4,1,115.891832,-32.013012
02:F7:42:2B:4A:8B,2,4,1,115.892843,-32.013095
1A:87:58:88:14:50,2,4,1,115.892843,-32.013095
86:E2:F0:42:60:39,2,4,1,115.892982,-32.013105
D2:C1:AF:59:80:74,2,4,1,,
2C:30:33:E0:66:F4,2,4,1,,
44:2C:05:09:FD:E2,2,4,1,,
10:06:45:5E:43:E4,2,4,1,,
9A:E8:B3:1C:65:CA,2,4,1,115.894787,-32.013285
D2:CF:E1:66:17:3D,2,4,1,115.895068,-32.013328
2E:4D:5F:3D:C7:82,2,4,1,115.895068,-32.013328
16:DC:E3:2D:DD:3E,2,4,1,115.895068,-32.013328
EE:03:8E:B0:0C:BA,2,4,1,115.895718,-32.013423
88:0F:A2:6A:E0:E7,2,4,1,,
CE:3B:A9:D6:A1:01,2,4,1,115.896867,-32.013525
06:97:40:F0:02:B3,2,4,1,,
92:F8:54:2B:EC:8E,2,4,1,,
D6:E2:38:FA:B1:2B,2,4,1,115.899063,-32.013378
00:06:C6:4C:06:69,2,4,1,,
52:F4:AB:6D:94:BE,2,4,1,115.899063,-32.013378
9A:AF:92:D2:FB:57,2,4,1,115.899063,-32.013372
1E:FC:9E:3D:CF:BB,2,4,1,115.899063,-32.013372
C4:71:54:1E:13:27,2,4,1,115.899058,-32.01336
A4:5E:60:D7:4A:0D,2,4,1,,
F2:0C:E3:3A:6C:AA,2,4,1,,
A0:B5:3C:95:B5:D9,2,4,1,,
90:0C:C8:E0:3F:9B,2,4,1,,
6A:B5:3C:65:52:C6,2,4,1,115.89905,-32.013345
64:FD:96:A8:38:7A,2,4,1,,
46:83:CC:9C:E7:BE,2,4,1,115.899052,-32.013345
34:68:95:47:3B:CF,2,4,1,,
34:5D:9E:78:0D:BA,2,4,1,,
C8:99:B2:A7:EB:71,2,4,1,,
DA:5F:00:00:00:00,2,4,1,,
14:61:00:00:00:00,2,4,1,,
62:60:00:00:00:00,2,4,1,,
B0:B9:8A:6D:BA:FE,2,4,1,,
1A:02:8E:A1:A8:1F,2,4,1,,
9E:5E:BC:CD:CF:0A,2,4,1,115.899692,-32.013363
06:EC:BD:6C:BF:24,2,4,1,115.900023,-32.01332
12:27:F5:01:B0:48,2,4,1,115.900053,-32.0133
9E:33:D6:0E:D7:41,2,4,1,115.900053,-32.0133
2A:36:03:71:31:AA,2,4,1,,
D0:C2:4E:97:B9:E8,2,4,1,,
8E:3D:68:CC:1D:55,2,4,1,115.900053,-32.01329
08:02:8E:A1:A8:1F,2,4,1,,
44:AF:28:84:6B:15,2,4,1,,
C6:0A:5A:5E:6C:34,2,4,1,,
20:B0:01:B1:4D:12,2,4,1,,
66:5E:B5:2B:A9:28,2,4,1,,
0E:AA:87:CC:3E:DC,2,4,1,115.900157,-32.013305
EE:74:4E:04:C8:5C,2,4,1,,
D0:DB:B7:57:CA:40,2,4,1,,
26:0D:CB:8F:76:99,2,4,1,115.900423,-32.012932
AA:73:63:21:FC:EC,2,4,1,115.900423,-32.012932
72:EF:C8:A4:07:C9,2,4,1,115.900423,-32.012932
EA:E8:2A:B6:13:BE,2,4,1,115.900423,-32.012932
AE:6F:0D:5E:2C:5E,2,4,1,115.900423,-32.012932
8A:C6:E6:B1:13:74,2,4,1,,
76:19:86:10:EA:C1,2,4,1,115.900423,-32.012932
50:2C:C6:05:E4:5E,2,4,1,,
D0:DB:B7:57:CE:CE,2,4,1,,
4E:0E:82:CC:97:DB,2,4,1,115.900435,-32.012632
9C:5A:44:B9:2A:75,2,4,1,115.90048,-32.012152
54:88:0E:85:78:B2,2,4,1,,
8A:6C:5B:FB:66:83,2,4,1,115.900498,-32.011908
60:12:3C:01:1C:34,2,4,1,,
78:66:9D:33:4B:ED,2,4,1,115.900507,-32.01166
60:12:3C:01:1C:22,2,4,1,,
2C:FD:B3:8C:9D:A6,2,4,1,115.900607,-32.009915
A2:7D:35:37:1B:F5,2,4,1,115.900607,-32.009915
64:07:F6:52:1D:2A,2,4,1,,
28:87:BA:D5:6E:27,2,4,1,115.900665,-32.008747
40:2F:86:25:6A:18,2,4,1,,
B2:A9:FC:76:1D:E0,2,4,1,115.900665,-32.008747
A0:51:0B:FF:54:0B,2,4,1,,
28:87:BA:46:11:F3,2,4,1,,
7C:27:BC:49:1F:D0,2,4,1,115.900648,-32.008502
CC:8C:BF:CF:E6:12,2,4,1,,
F8:04:2E:D8:62:AF,2,4,1,115.900512,-32.008242
DA:B3:E8:5B:F5:70,2,4,1,,
3A:C4:D8:97:DC:73,2,4,1,115.900347,-32.00808
2A:52:C1:7F:24:95,2,4,1,,
3A:B8:D1:E3:CB:7B,2,4,1,115.900347,-32.00808
AE:7F:92:35:EC:3F,2,4,1,115.899672,-32.007438
A2:65:73:B5:67:3F,2,4,1,115.899622,-32.007395
2A:88:E1:2C:7A:46,2,4,1,,
2E:EF:05:AD:E4:9B,2,4,1,115.899587,-32.00735
92:A9:BC:4A:9D:D6,2,4,1,115.899587,-32.00735
BE:8B:CB:00:34:AE,2,4,1,115.899547,-32.007265
E8:68:E7:CF:85:44,2,4,1,,
42:DC:C4:78:14:5E,2,4,1,115.899393,-32.007277
A6:51:69:E5:1E:88,2,4,1,115.899393,-32.007277
4A:04:98:62:2A:1A,2,4,1,,
2C:4D:54:03:AD:A0,2,4,1,115.899217,-32.007312
D6:69:67:A9:1F:38,2,4,1,115.899217,-32.007312
F2:B2:F8:55:A4:31,2,4,1,,
2A:82:95:A0:E1:C6,2,4,1,115.899217,-32.007312
96:4D:62:D5:13:F5,2,4,1,115.899217,-32.007312
00:B6:70:91:3C:4F,2,4,1,,
00:5F:67:0F:8C:E1,2,4,1,,
32:E8:11:0B:73:91,2,4,1,115.89904,-32.00715
00:0E:8E:6C:65:CC,2,4,1,115.897208,-32.005452
78:72:5D:1B:94:61,3,4,9,,
00:06:C6:4C:2D:FD,2,4,1,,
A6:53:0E:4A:7C:20,2,4,1,,
C6:04:AA:39:06:60,2,4,1,115.89863,-32.006688
EE:AB:E7:30:D4:C5,2,4,1,,
C6:94:B9:5D:F3:40,2,4,1,,
A6:47:17:74:02:B8,2,4,1,115.898392,-32.006367
2A:D4:2C:FA:F8:79,2,4,1,115.898272,-32.006273
76:3F:43:8E:BD:77,2,4,1,115.898272,-32.006273
00:0E:8E:6D:9C:B1,2,4,1,115.897993,-32.00607
00:06:C6:51:FC:19,2,4,1,115.897993,-32.00607
02:D6:EA:23:64:19,2,4,1,115.897062,-32.006342
02:D6:EA:23:64:19,2,4,1,115.895862,-32.007233
02:D6:EA:23:64:19,2,4,1,115.895862,-32.007233
52:6A:F6:63:0E:FC,2,4,1,115.897598,-32.00578
00:06:C6:5E:77:69,2,4,1,115.89728,-32.005523
0E:40:DF:94:0D:C0,2,4,1,,
28:7F:CF:08:5D:59,2,4,2,115.8969,-32.005575
BE:59:AC:6D:F7:C1,2,4,1,115.896932,-32.005147
4C:A6:4D:68:28:80,2,4,1,115.896943,-32.0052
3E:4D:04:F8:80:55,2,4,1,115.896778,-32.004993
04:56:E5:7C:01:55,2,4,1,115.896858,-32.005067
00:0E:8E:86:70:AC,2,4,1,,
36:6D:AA:B1:FA:AB,2,4,1,,
66:E3:02:EE:B9:A9,2,4,1,,
90:2B:D2:0C:C3:24,2,4,1,,
7A:8C:AA:D1:DE:E5,2,4,1,115.896932,-32.005165
4A:AE:E9:8D:67:16,2,4,1,115.89694,-32.005183
CA:62:12:B7:D9:17,2,4,1,115.896948,-32.005233
6C:94:66:D0:3F:EF,2,4,1,115.8969,-32.005575
3A:0B:00:5F:F1:25,2,4,1,115.896962,-32.005293
64:49:7D:7D:70:5D,2,4,1,,
62:A7:02:6D:24:FC,2,4,1,115.896962,-32.005322
6A:B8:73:EA:42:28,2,4,1,115.896962,-32.005322
DE:C7:3D:E8:34:00,2,4,1,115.896938,-32.00541
DA:A1:19:B3:3A:F1,2,4,1,,
3E:82:96:D3:5F:6E,2,4,1,115.8969,-32.005522
C8:94:02:40:B9:77,2,4,1,,
70:BC:10:68:23:15,2,4,1,,
F2:B3:AD:6A:AF:C4,2,4,1,115.896898,-32.00555
64:1C:AE:CF:BB:41,2,4,1,115.8969,-32.005575
70:BC:10:68:28:6A,2,4,1,,
9E:10:47:A8:96:64,2,4,1,115.89692,-32.005802
70:BC:10:6A:56:E0,2,4,1,115.896925,-32.005817
70:BC:10:6A:57:DC,2,4,1,115.896925,-32.005817
00:7C:2D:C3:D4:08,2,4,1,115.896932,-32.00583
B8:31:B5:9C:46:47,2,4,1,115.896958,-32.005868
70:BC:10:68:1C:A5,2,4,1,115.896958,-32.005868
70:4A:0E:CA:88:3A,2,4,1,115.896972,-32.005928
70:BC:10:68:20:A9,2,4,1,115.897008,-32.005975
9E:E7:BB:57:37:ED,2,4,1,115.897,-32.00597
62:17:59:40:EF:91,2,4,1,115.897017,-32.005992
70:BC:10:68:28:60,2,4,1,,
E8:5A:8B:60:C2:6B,2,4,1,,
00:00:0C:07:AC:02,3,4,15,,
3E:BA:25:E2:FD:90,2,4,2,115.897045,-32.006102
3E:BA:25:E2:FD:90,2,4,2,115.896993,-32.006875
B8:98:AD:55:FD:5C,2,4,2,115.897068,-32.006353
B8:98:AD:55:FD:5C,2,4,2,115.897093,-32.006755
B2:84:62:26:0E:C3,2,4,2,,
70:BC:10:68:26:6E,2,4,1,115.897025,-32.006168
3E:D8:D4:6F:9C:FC,2,4,1,,
70:BC:10:68:1E:1D,2,4,1,,
B8:31:B5:9C:3C:D0,2,4,1,,
16:82:74:AD:CD:BC,2,4,1,,
B2:F7:83:1A:44:C7,2,4,2,115.896875,-32.006923
A4:6B:B6:F2:BB:C4,2,4,1,,
00:0E:8E:BA:BD:22,2,4,1,115.897068,-32.006353
AA:7D:71:15:BE:26,2,4,1,,
2C:57:41:53:41:C4,2,4,1,,
EE:39:05:7C:19:1A,2,4,1,,
F4:BD:9E:9E:62:44,2,4,1,,
70:CA:97:48:48:B9,2,4,1,,
70:CA:97:C9:09:28,2,4,1,,
4C:FC:AA:6B:80:7D,2,4,1,115.896693,-32.006887
16:5C:F5:9B:C5:5D,3,4,2,,
70:A6:CC:0C:9B:A8,2,4,1,,
10:68:38:91:6B:C0,2,4,1,115.896485,-32.006847
06:EA:F1:CD:1D:E2,2,4,1,,
88:9C:AD:22:6A:60,2,4,1,,
88:9C:AD:22:6A:6F,2,4,1,115.896473,-32.006848
D2:AA:98:DD:E7:3E,2,4,1,115.896473,-32.006848
52:A3:BB:E7:71:2D,2,4,1,,
C4:23:60:AB:8D:21,3,4,4,,
58:6C:25:2E:0C:66,2,4,1,115.896418,-32.0069
10:B1:DF:6C:63:59,2,4,1,115.896413,-32.006917
88:9C:AD:22:55:80,2,4,1,,
88:9C:AD:22:55:8F,2,4,1,115.896413,-32.006917
22:6F:30:56:9A:E9,3,4,2,,
7A:86:D7:80:26:FD,2,4,1,,
46:0D:FC:A3:C0:D5,2,4,1,115.896345,-32.007002
00:93:37:10:79:94,3,4,9,,
D6:1D:54:DA:E3:4B,2,4,1,115.896345,-32.007002
70:A6:CC:09:F3:44,2,4,1,115.896325,-32.007012
80:38:FB:12:2F:FA,3,4,2,,
EE:2E:FD:42:C3:D7,2,4,1,115.896263,-32.00706
86:30:FB:3F:17:93,2,4,1,,
6C:94:66:D0:3F:40,3,4,2,115.896163,-32.00709
6C:94:66:D0:3F:40,3,4,2,115.896163,-32.00709
76:CF:03:85:19:0B,2,4,1,,
26:F6:49:58:AB:CD,2,4,1,115.89618,-32.007088
98:22:EF:DF:F9:7D,3,4,2,,
CC:15:31:C5:0B:3E,3,4,2,115.896163,-32.00709
CC:15:31:C5:0B:3E,3,4,2,115.896163,-32.00709
4E:07:A1:4B:2F:67,2,4,1,,
70:A6:CC:0E:43:31,2,4,1,115.89611,-32.00711
2A:4E:88:55:58:D6,2,4,1,115.896053,-32.007138
3E:CC:7B:AA:2E:B3,2,4,1,115.896053,-32.007138
96:4C:27:C7:60:20,2,4,1,115.896053,-32.007138
A6:D7:B4:7A:71:C0,2,4,1,115.895855,-32.007187
B2:63:2B:C1:15:01,2,4,1,115.895908,-32.007215
38:B8:00:86:C2:6A,3,4,24,115.895908,-32.007215
38:B8:00:86:C2:6A,3,4,24,115.895908,-32.007215
38:B8:00:86:C2:6A,3,4,24,115.895908,-32.007215
38:B8:00:86:C2:6A,3,4,24,115.895908,-32.007215
38:B8:00:86:C2:6A,3,4,24,115.895908,-32.007215
38:B8:00:86:C2:6A,3,4,24,115.895908,-32.007215
38:B8:00:86:C2:6A,3,4,24,115.895908,-32.007215
38:B8:00:86:C2:6A,3,4,24,115.895908,-32.007215
38:B8:00:86:C2:6A,3,4,24,115.895908,-32.007215
38:B8:00:86:C2:6A,3,4,24,115.895908,-32.007215
38:B8:00:86:C2:6A,3,4,24,115.895908,-32.007215
38:B8:00:86:C2:6A,3,4,24,115.895908,-32.007215
38:B8:00:86:C2:6A,3,4,24,115.895908,-32.007215
38:B8:00:86:C2:6A,3,4,24,115.895908,-32.007215
38:B8:00:86:C2:6A,3,4,24,115.895908,-32.007215
38:B8:00:86:C2:6A,3,4,24,115.895908,-32.007215
38:B8:00:86:C2:6A,3,4,24,115.895908,-32.007215
38:B8:00:86:C2:6A,3,4,24,115.895908,-32.007215
38:B8:00:86:C2:6A,3,4,24,115.895908,-32.007215
38:B8:00:86:C2:6A,3,4,24,115.895908,-32.007215
38:B8:00:86:C2:6A,3,4,24,115.895908,-32.007215
38:B8:00:86:C2:6A,3,4,24,115.895908,-32.007215
38:B8:00:86:C2:6A,3,4,24,115.895908,-32.007215
38:B8:00:86:C2:6A,3,4,24,115.895908,-32.007215
5A:BB:3A:2D:F6:91,2,4,1,,
10:3D:1C:C8:8C:EB,2,4,1,,
38:B8:00:9B:81:C8,3,4,22,115.895828,-32.007195
38:B8:00:9B:81:C8,3,4,22,115.895828,-32.007195
38:B8:00:9B:81:C8,3,4,22,115.895828,-32.007195
38:B8:00:9B:81:C8,3,4,22,115.895828,-32.007195
38:B8:00:9B:81:C8,3,4,22,115.895828,-32.007195
38:B8:00:9B:81:C8,3,4,22,115.895828,-32.007195
38:B8:00:9B:81:C8,3,4,22,115.895828,-32.007195
38:B8:00:9B:81:C8,3,4,22,115.895828,-32.007195
38:B8:00:9B:81:C8,3,4,22,115.895828,-32.007195
38:B8:00:9B:81:C8,3,4,22,115.895828,-32.007195
38:B8:00:9B:81:C8,3,4,22,115.895828,-32.007195
38:B8:00:9B:81:C8,3,4,22,115.895828,-32.007195
38:B8:00:9B:81:C8,3,4,22,115.895828,-32.007195
38:B8:00:9B:81:C8,3,4,22,115.895828,-32.007195
38:B8:00:9B:81:C8,3,4,22,115.895828,-32.007195
38:B8:00:9B:81:C8,3,4,22,115.895828,-32.007195
38:B8:00:9B:81:C8,3,4,22,115.895828,-32.007195
38:B8:00:9B:81:C8,3,4,22,115.895828,-32.007195
38:B8:00:9B:81:C8,3,4,22,115.895828,-32.007195
38:B8:00:9B:81:C8,3,4,22,115.895828,-32.007195
38:B8:00:9B:81:C8,3,4,22,115.895828,-32.007195
38:B8:00:9B:81:C8,3,4,22,115.895828,-32.007195
F0:B6:1E:9D:BF:CF,3,4,3,115.895862,-32.007233
F0:B6:1E:9D:BF:CF,3,4,3,115.895862,-32.007233
F0:B6:1E:9D:BF:CF,3,4,3,115.895862,-32.007233
A6:0E:74:00:91:8A,2,4,1,115.895875,-32.007273
80:45:DD:97:48:9D,2,4,4,115.895915,-32.007387
80:45:DD:97:48:9D,2,4,4,115.895915,-32.007387
80:45:DD:97:48:9D,2,4,4,115.895915,-32.007387
80:45:DD:97:48:9D,2,4,4,115.895915,-32.007387
80:45:DD:97:48:9D,2,4,4,115.895915,-32.007387
80:45:DD:97:48:9D,2,4,4,115.895915,-32.007387
80:45:DD:97:48:9D,2,4,4,115.895915,-32.007387
80:45:DD:97:48:9D,2,4,4,115.895915,-32.007387
80:45:DD:97:48:9D,2,4,4,115.895915,-32.007387
80:45:DD:97:48:9D,2,4,4,115.895915,-32.007387
06:2D:2A:A4:C4:47,3,4,11,,
82:A8:90:E6:69:B4,2,4,1,115.895915,-32.007387
34:E1:2D:5E:BF:82,3,4,9,,
CE:32:EE:F8:1D:9F,3,4,13,,
4A:C6:26:42:CD:7A,2,4,1,,
5E:CF:F1:59:36:D9,2,4,1,,
5A:7A:52:48:EC:D1,2,4,1,,
12:39:83:9B:8D:23,2,4,1,,
86:1D:B6:CB:77:FC,2,4,1,,
BE:4B:A9:95:74:8D,2,4,1,,
82:56:CF:33:04:D8,2,4,1,,
AE:26:89:93:4A:F4,2,4,1,,
AA:48:49:11:B2:FB,2,4,1,,
62:42:A5:67:CE:75,2,4,1,,
7E:96:7E:6D:42:22,2,4,1,,
50:C2:E8:C2:C7:1B,3,4,27,,
2E:6E:A5:35:84:C0,2,4,1,,
6E:AA:29:8F:B0:C1,2,4,1,,
82:16:F4:B0:BC:0D,2,4,1,,
B6:4B:97:B6:27:94,2,4,1,,
0A:A5:99:9A:14:E0,2,4,1,,
9E:F1:FE:BC:FB:71,2,4,1,,
0A:F0:1A:45:1C:60,2,4,1,,
AE:A4:AF:54:83:A3,2,4,1,,
92:7A:0D:95:28:34,2,4,1,,
56:5F:60:61:60:78,2,4,1,,
1A:38:AD:34:0F:D7,3,4,8,,
AE:02:B8:4E:BE:5D,2,4,1,,
AA:EE:50:CE:7D:F0,3,4,7,,
46:9E:94:D7:E4:09,2,4,1,,
6A:EF:2A:81:5E:F3,2,4,1,,
0A:B2:F6:BF:D9:5F,2,4,1,,
AE:28:47:63:06:BC,2,4,1,,
E2:2D:74:79:8B:20,2,4,1,,
92:41:C0:9F:76:6C,3,4,4,,
0A:C7:29:15:82:64,2,4,1,,
4C:A6:4D:7A:43:2C,2,4,6,,
FE:52:94:87:D5:04,2,4,1,,
36:1A:61:B9:D3:9D,2,4,1,,
CA:AA:7A:39:2D:F3,2,4,1,,
16:7B:6A:21:16:0C,2,4,1,,
88:9C:AD:1C:89:60,2,4,1,,
88:9C:AD:1C:89:6F,2,4,1,,
92:71:E9:95:0F:41,2,4,1,,
62:4C:60:2E:A2:C8,2,4,1,,
88:9C:AD:1C:69:27,3,4,3,,
5E:2E:00:5A:B2:53,2,4,1,,
56:B6:DF:D8:8F:98,2,4,1,,
EA:84:0F:FA:8F:38,2,4,1,,
9A:F8:C8:92:67:A7,2,4,1,,
08:F8:BC:63:AD:87,3,4,28,,
9C:A2:F4:91:0D:33,3,4,26,,
14:7D:DA:DE:F9:21,3,4,9,,
D0:3C:1F:17:6E:DE,3,4,10,,
00:6B:F1:39:F0:8C,2,4,2,,
A8:6D:AA:85:98:55,3,4,7,,
4A:9D:CF:BA:2F:2F,2,4,1,,
BE:0C:62:5F:B3:3A,2,4,1,,
86:82:BA:37:96:02,2,4,1,,
76:20:BF:DD:4D:02,2,4,1,,
CA:DB:AB:71:8A:CF,2,4,1,,
A2:33:DB:42:86:5D,2,4,1,,
16:41:A0:55:20:32,2,4,1,,
06:B6:5B:C9:B6:62,2,4,1,,
AA:DB:DD:BE:26:76,2,4,1,,
DE:B9:17:92:40:61,2,4,1,,
88:9C:AD:1C:A8:67,2,4,1,,
28:7F:CF:94:4A:4E,3,4,4,,
04:ED:33:C3:8C:6E,3,4,4,,
C2:F0:B8:B7:F6:E6,2,4,1,,
78:AF:08:2F:94:69,3,4,5,,
08:D2:3E:4D:E1:BC,3,4,4,,
2A:65:C9:CF:86:F2,2,4,1,,
B6:D4:43:A4:B6:20,2,4,1,,
00:93:37:C7:69:15,3,4,14,,
BC:D0:74:59:F3:D0,3,4,21,,
BA:8F:75:BA:8D:01,2,4,1,,
9C:B6:D0:9A:AA:85,3,4,17,,
72:BB:ED:A9:8D:28,2,4,1,,
56:C1:83:2F:7E:56,2,4,1,,
E2:78:14:EB:7D:BF,2,4,1,,
22:12:93:76:6A:81,2,4,1,,
96:3C:3B:FB:7E:E5,2,4,1,,
BE:DE:9D:30:1D:69,2,4,1,,
5A:1F:7B:04:EB:0E,2,4,1,,
9E:D7:14:5C:3B:D4,2,4,1,,
EA:FC:1B:CD:55:15,2,4,1,,
BA:5F:F4:7E:D7:20,2,4,1,,
E6:1E:DC:0A:32:88,2,4,1,,
8A:69:77:BC:37:DE,2,4,1,,
BE:34:09:4C:8F:E4,2,4,1,,
B6:7C:75:43:97:11,2,4,1,,
C2:AD:0F:BC:FC:6D,2,4,1,,
0E:CD:70:CF:78:CC,2,4,1,,
CA:CD:95:D6:23:16,2,4,1,,
A2:F2:69:37:94:E9,3,4,7,,
28:7F:CF:94:49:DB,3,4,12,,
B0:A4:60:32:5D:11,3,4,5,,
96:F8:89:DC:85:DF,2,4,1,,
50:EB:71:00:E0:6F,3,4,6,,
F6:35:EC:48:2D:F3,2,4,1,,
C6:BE:9E:1A:6E:24,2,4,1,,
BE:9B:0C:39:C5:B0,2,4,1,,
50:2F:9B:C4:1B:2A,3,4,11,,
6E:43:62:8D:CA:22,3,4,4,,
E6:02:01:F2:97:CD,2,4,1,,
14:D4:24:57:80:6E,3,4,2,,
38:7A:0E:9E:E1:93,3,4,9,,
86:B2:AF:ED:50:31,2,4,1,,
CA:86:10:08:C4:F3,2,4,1,,
28:7F:CF:5F:82:05,2,4,1,,
92:C4:95:17:2D:FD,2,4,1,,
1E:04:1C:89:B9:2D,2,4,1,,
72:7D:A9:59:5F:20,2,4,1,,
AE:44:22:49:D6:2D,2,4,1,,
E2:04:98:FD:D8:B0,2,4,1,,
DE:10:24:D7:26:74,2,4,1,,
72:A9:23:1A:17:8E,2,4,1,,
FE:5D:24:24:B4:47,2,4,1,,
32:98:8E:37:CD:20,2,4,1,,
4E:D8:E4:FF:78:B0,2,4,1,,
0A:7B:A7:84:B0:15,2,4,1,,
78:72:5D:1B:8E:21,3,4,3,,
42:80:46:8A:F8:4A,2,4,2,115.89644,-32.006868
42:80:46:8A:F8:4A,2,4,2,115.89644,-32.006868
42:80:46:8A:F8:4A,2,4,2,115.89644,-32.006868
42:80:46:8A:F8:4A,2,4,2,115.89644,-32.006868
0A:C7:9B:BF:3F:B2,2,4,1,,
66:81:5D:25:1F:13,2,4,1,,
AE:DF:28:5A:93:C6,2,4,1,,
5E:E0:F5:2A:FB:AE,2,4,1,,
46:29:34:93:E7:37,2,4,1,,
02:40:FD:51:E3:BF,2,4,1,,
92:F4:AD:58:2E:0F,2,4,1,,
F6:2F:22:BC:18:1D,2,4,1,,
24:41:8C:AA:A1:13,2,4,1,,
2C:0D:A7:30:DD:2E,3,4,9,,
2C:6D:C1:16:E9:1E,3,4,7,,
1A:E6:F2:AA:51:79,2,4,1,,
92:DC:D6:19:06:97,2,4,1,,
9E:77:AF:FA:56:12,2,4,1,,
66:D8:C2:2C:44:3F,2,4,1,,
82:18:F7:7D:4B:F4,2,4,1,,
32:AF:31:C5:0D:9B,2,4,1,,
88:9C:AD:27:17:47,3,4,2,,
76:DD:B9:5F:0B:13,3,4,3,,
16:22:6B:60:E3:E4,2,4,1,,
D6:D1:78:02:E5:B0,2,4,1,,
7A:01:D5:C6:04:AE,2,4,1,,
3E:1E:FC:FE:92:B9,2,4,1,,
7A:6D:43:D5:D7:AE,2,4,1,,
EA:42:29:1A:F4:A8,2,4,1,,
56:48:0C:E8:B6:44,2,4,1,,
04:17:B6:3A:52:08,3,4,7,,
F2:07:0E:6A:8B:D9,2,4,1,,
92:F8:33:45:17:F6,2,4,1,,
0E:68:63:63:8E:9D,2,4,1,,
C2:9A:80:2A:CE:87,2,4,1,,
9C:FC:E8:33:50:45,3,4,3,,
4A:A4:AB:6D:AD:84,2,4,1,,
32:3F:4B:A9:D6:CE,2,4,1,,
A6:03:FE:7A:1B:EB,2,4,1,,
BE:C4:46:55:18:3C,2,4,1,,
A4:34:D9:9E:E0:08,3,4,6,,
AA:79:54:EB:26:CB,2,4,1,,
32:7F:13:92:D6:2B,2,4,1,,
66:15:FB:CB:27:04,2,4,1,,
5E:E1:92:21:1A:26,3,4,9,,
0A:65:CE:21:C5:7A,2,4,1,,
FA:F8:C6:01:E2:B7,2,4,1,,
C6:C4:DB:8E:B7:49,2,4,1,,
3E:47:86:48:71:80,2,4,1,,
52:EF:E4:93:D6:D3,2,4,1,,
8E:52:67:18:2E:31,2,4,1,,
46:B0:99:61:50:D3,2,4,1,,
C2:A6:B1:9A:56:62,2,4,1,,
DA:DC:2D:70:77:1C,2,4,1,,
F2:BE:F1:B2:AA:E9,2,4,1,,
32:BD:0E:BB:A3:B9,2,4,1,,
F6:FA:0A:A0:FE:08,2,4,1,,
AA:60:31:55:44:A1,2,4,1,,
26:49:B9:63:7D:51,2,4,1,,
C6:89:88:E2:42:42,2,4,1,,
2A:71:C5:4E:37:D6,2,4,1,,
86:25:76:B7:49:39,2,4,1,,
76:C3:21:38:2C:7F,2,4,1,,
5E:B0:3A:4D:5E:7B,2,4,1,,
D2:37:9C:DC:19:4F,2,4,1,,
CE:6B:D7:94:B7:9D,2,4,1,,
26:71:08:38:D1:76,2,4,1,,
26:B9:18:33:27:80,2,4,1,,
32:45:CE:2B:AA:5B,2,4,1,,
76:C3:FE:E1:12:0B,2,4,1,,
FA:5B:CE:15:26:2F,2,4,1,,
FE:F2:FB:DD:DA:5D,2,4,1,,
A6:8F:14:29:E0:03,2,4,1,,
9A:FD:89:F0:67:5A,2,4,1,,
AA:B8:2E:EF:08:CB,2,4,1,,
60:22:32:31:29:D5,3,4,21,,
3E:57:9F:47:03:CA,2,4,1,,
EE:3B:F7:7C:76:7B,2,4,1,,
EE:43:AA:38:EC:4D,2,4,1,,
BE:6A:8D:91:8A:05,2,4,1,,
CE:0E:C8:FF:6F:9D,2,4,1,,
00:26:82:7A:E0:35,2,4,1,,
5A:4D:35:B2:BA:82,2,4,1,,
FE:5E:AF:09:F3:39,2,4,1,,
2A:5A:31:4F:62:19,2,4,1,,
86:20:D6:D9:85:DF,2,4,1,,
5A:7B:62:39:BB:6D,2,4,1,,
96:6A:F8:13:97:D4,2,4,1,,
9A:10:F9:E3:66:A6,2,4,1,,
42:06:BC:F4:DD:4D,2,4,1,,
0E:7E:D6:9D:80:55,2,4,1,,
72:65:D7:A3:E0:DA,3,4,7,,
0E:49:14:58:D1:8F,2,4,1,,
10:3D:1C:F8:C0:AF,2,4,1,,
0A:E7:58:7C:73:5D,2,4,1,,
EE:EB:E0:E6:10:CE,2,4,1,,
7E:B8:7E:50:2F:DA,2,4,1,,
A0:9F:10:0E:A9:D0,3,4,23,,
8E:02:CC:67:06:E6,2,4,1,,
E6:04:D3:67:62:82,3,4,6,,
B6:DD:D9:5F:B3:23,2,4,1,,
06:C8:07:05:A9:15,2,4,1,,
FE:DA:EC:4F:49:8A,2,4,1,,
A6:85:96:97:B3:4B,2,4,1,,
5E:69:7B:6F:65:18,3,4,6,,
3A:E1:5A:BF:DB:DB,2,4,1,,
00:6B:F1:39:F0:80,2,4,1,,
DE:93:4D:8A:6D:E5,2,4,2,,
CA:66:F4:C0:50:E6,2,4,1,,
DA:DB:B5:CD:71:BF,2,4,1,,
66:AF:50:6D:48:AB,2,4,1,,
F8:4D:89:7D:77:D9,2,4,1,,
06:0D:6C:E2:B8:27,3,4,4,,
F6:D8:C1:74:7B:3F,2,4,1,,
7A:D4:69:A0:BD:11,2,4,1,,
3A:4D:DE:70:C4:A2,2,4,1,,
3E:5B:0F:7C:62:7D,2,4,1,,
26:AB:9B:17:EF:17,2,4,1,,
BE:B7:A5:1B:A3:3D,2,4,1,,
36:60:DE:C5:CD:7F,2,4,1,,
96:C4:B3:37:48:1F,2,4,1,,
92:51:94:FA:DB:42,2,4,1,,
D2:3E:3C:52:AB:AE,2,4,1,,
92:88:0C:59:E5:FD,2,4,1,,
B2:E4:DF:BA:F9:C4,2,4,1,,
22:FE:C3:29:19:6A,2,4,1,,
94:FB:29:19:F6:EC,2,4,1,,
1E:E2:50:C7:60:B0,2,4,1,,
52:C0:0B:3D:0F:E7,3,4,7,,
12:FF:C3:9B:6B:93,2,4,1,,
BE:4B:23:33:95:1D,2,4,1,,
86:45:33:5C:CC:6D,2,4,1,,
72:5B:01:96:6F:DE,2,4,1,,
B2:75:9C:B3:40:91,2,4,1,,
4E:90:C1:21:D2:C1,2,4,1,,
70:1A:B8:CA:9E:A5,3,4,3,,
10:51:07:EA:65:FF,3,4,7,,
96:B4:72:97:91:67,2,4,1,,
C6:07:35:9C:D8:B7,2,4,1,,
8E:3C:13:6C:6D:F6,2,4,1,,
70:A6:CC:0A:36:FB,3,4,10,,
8E:D1:EE:65:33:43,2,4,1,,
C6:3C:F5:ED:3D:D3,2,4,1,,
78:AF:08:2F:95:13,3,4,19,,
8E:62:92:18:46:1F,2,4,1,,
F0:B6:1E:A1:A6:08,3,4,3,,
36:7A:B9:AE:B3:09,3,4,2,,
76:12:F0:02:F1:65,2,4,1,,
5A:A0:C7:B0:B9:DB,2,4,1,,
5E:9F:1F:79:C8:74,2,4,1,,
CC:15:31:C4:FF:D6,3,4,3,,
B2:4E:B7:49:5C:F7,2,4,1,,
FE:F8:7D:7B:77:6C,3,4,1,,
88:9C:AD:27:1F:CF,3,4,1,,
46:D7:B9:EC:93:6F,3,4,1,,
AA:ED:81:3D:7F:BE,3,4,1,,
DA:36:70:1C:F1:FA,3,4,1,,
08:8E:90:C4:87:F4,3,4,3,,
7A:EA:6D:FB:9D:F3,3,4,1,,
4A:39:07:8A:47:B9,3,4,1,,
36:48:AB:BB:B7:E2,3,4,1,,
F2:29:ED:8A:B6:84,3,4,1,,
5A:63:47:09:00:AF,3,4,1,,
F2:00:B8:71:8B:F3,3,4,1,,
28:7F:CF:73:8D:4A,3,4,1,,
56:3B:A1:B9:05:3B,3,4,1,,
74:40:BB:6D:58:33,3,4,3,,
36:7B:05:76:C6:F0,3,4,1,,
A8:1D:16:13:D8:49,3,4,2,,
04:E5:98:47:A5:3E,3,4,1,,
88:9C:AD:1C:B0:E7,3,4,1,,
62:3F:3F:81:45:38,3,4,1,,
2E:5C:66:62:4D:3C,3,4,1,,
3E:E1:38:2B:62:30,3,4,1,,
F0:D4:15:56:FD:74,3,4,1,,
BC:4C:C4:E2:DE:18,3,4,1,,
A8:6D:AA:7A:06:7A,3,4,3,115.895843,-32.007183
A8:6D:AA:7A:06:7A,3,4,3,115.895843,-32.007183
A8:6D:AA:7A:06:7A,3,4,3,115.895843,-32.007183
A8:6D:AA:7A:06:7A,3,4,3,115.895843,-32.007183
A8:6D:AA:7A:06:7A,3,4,3,115.895843,-32.007183
A8:6D:AA:7A:06:7A,3,4,3,115.895843,-32.007183
A8:6D:AA:7A:06:7A,3,4,3,115.895843,-32.007183
A8:6D:AA:7A:06:7A,3,4,3,115.895843,-32.007183
96:11:D5:C0:E2:1E,3,4,1,,
12:79:E7:96:5A:F3,3,4,1,,
CA:BE:41:5E:27:76,3,4,1,,
80:32:53:FA:D9:08,3,4,1,,
46:0D:5C:88:E9:25,3,4,1,,
AA:FC:24:0D:2F:6A,3,4,1,,
B2:A8:F1:60:B2:B8,3,4,1,,
0C:9A:3C:38:93:2A,3,4,3,,
2E:9A:E4:27:B4:BF,3,4,1,,
CC:15:31:C0:16:B5,3,4,1,,
DA:A1:19:02:29:CB,3,4,2,,
88:9C:AD:22:52:0F,3,4,1,,
D6:F9:2D:13:23:DD,3,4,1,,
BA:EF:02:34:9A:CB,3,4,1,,
8A:4A:66:3F:3E:6D,3,4,1,,
D2:26:ED:C8:29:8B,3,4,1,,
D2:01:0E:E3:0B:9D,3,4,1,,
2E:71:49:8E:81:78,3,4,1,,
46:A8:13:01:D1:C5,3,4,1,,
88:9C:AD:22:4E:4A,3,4,1,,
6C:B1:33:9D:E4:04,3,4,1,,
24:41:8C:31:55:5B,3,4,1,,
0E:B2:02:BF:C4:5A,3,4,1,,
16:DB:CA:53:74:93,3,4,1,,
12:0C:F6:F5:74:DC,3,4,1,,
1A:F1:8E:17:73:0E,3,4,1,,
5A:C0:1A:FD:98:9A,3,4,1,,
9E:E0:81:EA:D7:C1,3,4,1,,
4A:58:7D:06:D0:1E,3,4,1,,
F4:C8:8A:B9:BE:4B,3,4,9,,
E6:22:0F:57:BE:BC,3,4,1,,
22:EF:7C:3E:CB:A1,3,4,1,,
4E:63:23:CB:88:91,3,4,1,,
4E:A5:2A:C4:CA:25,3,4,1,,
F0:B6:1E:A0:69:6E,3,4,1,,
46:00:71:D7:6B:1D,3,4,1,,
7E:44:02:33:BA:8C,3,4,1,,
E0:D4:E8:5B:DE:9D,3,4,1,,
42:C3:C8:5A:9B:0F,3,4,1,,
A8:6D:AA:85:34:5A,3,4,1,,
FE:D4:32:70:6D:F1,3,4,1,,
60:F2:62:B0:DD:71,3,4,1,,
FA:CF:7D:38:B3:C5,3,4,1,,
0A:D8:D2:24:30:97,3,4,1,,
5E:17:DF:3D:CB:E1,3,4,1,,
62:73:94:0C:20:79,3,4,1,,
5E:74:6A:68:87:AE,3,4,1,,
22:D4:FA:64:F1:49,3,4,1,,
70:A6:CC:0A:5A:37,3,4,1,,
9C:4E:36:71:F7:78,3,4,10,,
DA:A1:19:D3:C2:85,3,4,1,,
8A:CE:A4:8A:EA:05,3,4,1,,
28:6B:35:02:E9:F0,3,4,2,,
C8:09:A8:54:E4:67,3,4,4,,
C4:91:0C:B4:50:77,3,4,1,,
90:9C:4A:C0:87:C6,3,4,2,,
22:58:82:36:01:49,3,4,1,,
42:28:18:0B:F3:55,3,4,1,,
72:76:B4:1A:ED:A1,3,4,1,,
52:04:8C:F5:D4:7B,3,4,1,,
BA:98:A7:5A:74:02,3,4,1,,
A2:57:E4:DE:FE:8C,3,4,1,,
36:53:B8:22:12:25,3,4,1,,
3C:06:30:30:42:D9,3,4,9,,
7E:B2:19:D3:17:41,3,4,1,,
4E:25:8C:06:F4:58,3,4,1,,
F2:FD:DA:94:AD:5F,3,4,1,,
66:FC:2E:FD:D3:B4,3,4,1,,
56:22:DA:96:01:FC,3,4,1,,
1E:8D:E4:BE:4B:6A,3,4,1,,
12:69:D6:24:D1:29,3,4,1,,
EE:B2:4D:6F:F0:BD,3,4,1,,
DA:A1:19:50:43:8D,3,4,1,,
82:8E:22:9B:61:CC,3,4,1,,
8E:5F:B5:1E:3F:3F,3,4,1,,
0A:4F:92:D2:40:A6,3,4,1,,
96:C5:85:38:9C:4C,3,4,1,,
96:08:6C:D9:72:4C,3,4,1,,
12:EA:48:81:1B:1B,3,4,1,,
3A:4C:32:E5:53:A6,3,4,1,,
C2:7E:99:8C:1D:F1,3,4,1,,
B2:39:6B:B0:93:87,3,4,1,,
2E:3E:4A:9C:3E:C8,3,4,1,,
4E:D4:80:29:0C:07,3,4,1,,
D4:D8:53:54:1E:79,3,4,2,115.895915,-32.007387
D4:D8:53:54:1E:79,3,4,2,115.895915,-32.007387
D4:D8:53:54:1E:79,3,4,2,115.895915,-32.007387
D4:D8:53:54:1E:79,3,4,2,115.895915,-32.007387
D4:D8:53:54:1E:79,3,4,2,115.895915,-32.007387
D4:D8:53:54:1E:79,3,4,2,115.895915,-32.007387
D4:D8:53:54:1E:79,3,4,2,115.895915,-32.007387
D4:D8:53:54:1E:79,3,4,2,115.895915,-32.007387
D4:D8:53:54:1E:79,3,4,2,115.895915,-32.007387
D4:D8:53:54:1E:79,3,4,2,115.895915,-32.007387
00:93:37:C8:7B:34,3,4,3,,
BA:DE:7B:14:B9:34,3,4,1,,
0E:5A:93:7C:5C:FF,3,4,1,,
8E:41:DE:BB:DD:59,3,4,1,,
BA:08:90:38:41:E4,3,4,1,,
BA:5B:4A:B0:E3:C4,3,4,1,,
76:E1:65:F3:1C:72,3,4,1,,
3E:AB:24:33:BB:B8,3,4,1,,
62:F4:8D:6D:F6:16,3,4,1,,
6E:2C:1D:C5:A4:5F,3,4,1,,
76:DF:30:A1:94:08,3,4,1,,
E2:14:F8:CF:1A:2F,3,4,7,,
32:D1:15:5B:D1:18,3,4,2,,
3E:BB:8B:86:A9:E4,3,4,1,,
C6:7D:2B:62:C6:EA,3,4,1,,
EE:11:88:72:1B:CA,3,4,1,,
76:F4:37:00:62:D3,3,4,1,,
82:53:F4:76:9A:CA,3,4,1,,
A6:FF:E2:14:93:29,3,4,1,,
1E:35:54:00:05:E8,3,4,1,,
26:19:D3:B2:E5:13,3,4,1,,
12:9B:B9:48:EB:E2,3,4,1,,
76:4F:05:1B:EF:BB,3,4,10,,
AE:F9:DD:33:04:E2,3,4,1,,
DA:A1:19:A3:44:B2,3,4,1,,
8E:9E:F2:22:2C:C3,3,4,1,,
52:CE:6F:05:DF:19,3,4,1,,
D2:23:A3:F2:5F:F4,3,4,1,,
2E:5C:74:BB:A2:6E,3,4,1,,
6E:4E:28:2B:8C:57,3,4,1,,
62:E2:F5:EB:DC:B3,3,4,1,,
C6:13:5A:CF:7F:50,3,4,3,,
4A:47:61:64:BE:77,3,4,1,,
E2:6E:EF:09:AA:C3,3,4,1,,
3E:96:1C:0C:B8:8E,3,4,1,,
72:0B:EC:3F:4A:22,3,4,1,,
12:85:97:ED:60:E6,3,4,1,,
CA:E9:C7:98:F6:E5,3,4,1,,
C2:DB:74:81:AC:B7,3,4,1,,
3E:73:DF:1A:F6:5A,3,4,1,,
C8:09:A8:6F:8A:3D,3,4,1,,
9E:11:11:02:20:03,3,4,1,,
DA:F2:57:5A:EA:EE,3,4,1,,
CE:7C:05:22:C8:47,3,4,1,,
2E:80:6D:8E:E7:AD,3,4,1,,
16:33:35:F2:4F:C5,3,4,1,,
CE:07:05:26:B2:AA,3,4,1,,
AE:72:6F:60:20:96,3,4,1,,
FA:55:8E:B6:17:72,3,4,1,,
3A:D5:D4:0A:2E:9F,3,4,1,,
FE:F6:A3:DB:86:A0,3,4,1,,
A6:41:6B:71:33:E8,3,4,1,,
E2:AB:EB:5A:94:4A,3,4,1,,
2A:0F:C1:3F:5F:0E,3,4,9,,
B6:03:2C:60:D0:36,3,4,1,,
D6:FC:22:C4:E2:3B,3,4,1,,
EA:27:19:E5:5B:6F,3,4,1,,
DE:F4:56:42:9B:5E,3,4,1,,
D6:B7:BD:27:5F:86,3,4,3,,
82:A5:97:A3:52:A7,3,4,1,,
32:C3:B9:B3:7C:79,3,4,1,,
72:A3:16:0E:78:D4,3,4,1,,
3E:0E:36:56:44:D9,3,4,1,,
A6:40:BA:5E:96:05,3,4,1,,
46:50:82:C2:6D:42,3,4,1,,
0A:D2:BB:CE:0C:83,3,4,1,,
72:CE:C3:FC:99:6F,3,4,1,,
C2:78:20:A5:F1:9C,3,4,1,,
8A:2A:31:22:99:D3,3,4,1,,
92:93:F1:45:1A:F9,3,4,1,,
72:97:04:13:EF:76,3,4,1,,
9A:90:2D:D7:15:CA,3,4,1,,
96:96:95:A3:81:47,3,4,1,,
E2:E5:16:20:B8:1D,3,4,1,,
CE:2D:46:A5:C6:94,3,4,1,,
1A:7B:EE:5A:1C:58,3,4,1,,
6E:AA:69:D3:99:9D,3,4,1,,
12:FD:C5:3A:81:5B,3,4,1,,
62:DA:50:F7:EB:9C,3,4,1,,
C2:F3:EF:31:97:8E,3,4,1,,
F6:AD:63:97:30:DD,3,4,1,,
9E:B7:0F:6A:45:8F,3,4,1,,
4E:4B:10:9E:5E:CA,3,4,1,,
C2:7B:03:96:7A:67,3,4,1,,
A2:8C:51:22:01:B0,3,4,1,,
34:60:F9:8B:AF:44,3,4,13,,
42:80:A9:7A:38:59,3,4,1,,
16:64:91:42:78:70,3,4,1,,
2A:EF:BE:D7:91:8A,3,4,1,,
8A:35:B3:8F:FA:FF,3,4,1,,
E6:B4:5F:1D:EB:2C,3,4,1,,
2A:7C:33:A4:F8:3D,3,4,9,,
72:9F:66:83:7B:B2,3,4,1,,
BA:88:28:DD:4F:EB,3,4,1,,
AE:3C:F4:08:59:00,3,4,1,,
46:54:C8:67:9B:E5,3,4,1,,
22:2D:D6:49:19:D3,3,4,1,,
62:6B:03:4D:B2:D6,3,4,1,,
96:B5:EF:F1:8E:B3,3,4,1,,
EA:4C:B3:77:7C:55,3,4,1,,
72:79:4E:E8:F7:BC,3,4,1,,
26:67:59:A5:E4:D6,3,4,1,,
F6:76:DB:50:93:4A,3,4,1,,
9E:00:CF:2C:FF:34,3,4,1,,
1E:5A:99:41:8E:CA,3,4,1,,
46:B3:9C:F4:79:E6,3,4,1,,
A2:79:DF:52:AA:7F,3,4,1,,
16:13:B3:12:D1:42,3,4,1,,
6E:10:07:25:D2:47,3,4,1,,
64:6E:69:78:B0:BD,3,4,13,,
8E:A7:3A:67:7E:62,3,4,1,,
AA:FA:03:67:FE:7F,3,4,1,,
C2:78:71:D3:FC:E8,3,4,1,,
72:2D:57:8C:9E:8D,3,4,1,,
E2:20:07:F5:72:A4,3,4,1,,
B2:FE:8F:45:39:BE,3,4,1,,
66:21:01:C6:40:11,3,4,1,,
E2:84:10:B2:BE:CA,3,4,1,,
16:5E:1C:97:0E:7D,3,4,1,,
A2:BD:70:04:DC:50,3,4,1,,
DE:1B:0C:90:92:95,3,4,1,,
CE:15:78:09:CB:37,3,4,1,,
00:00:00:00:76:04,3,4,1,,
AA:F3:F8:4E:89:99,3,4,10,,
00:00:00:00:78:05,3,4,1,,
2E:47:3B:4A:57:1F,3,4,1,,
00:00:00:00:4B:06,3,4,1,,
FA:E1:70:28:2D:9C,3,4,1,,
96:62:F5:F0:72:C4,3,4,1,,
0E:E7:32:1D:A6:5D,3,4,1,,
4A:A9:45:DA:CA:2A,3,4,1,,
DA:A1:19:DC:3E:84,3,4,1,,
DA:98:74:6B:26:61,3,4,1,,
7A:73:4F:C8:50:44,3,4,1,,
36:EB:75:3A:FB:BD,3,4,1,,
1A:17:0D:26:0A:10,3,4,1,,
42:33:1B:C6:20:2B,3,4,1,,
5A:F9:49:96:6A:08,3,4,1,,
9E:C6:4E:D4:07:25,3,4,1,,
76:70:12:27:9E:4C,3,4,1,,
96:98:13:4E:9C:BB,3,4,1,,
52:DF:5E:5C:9A:01,3,4,1,,
02:02:8F:80:47:4D,3,4,1,,
FE:46:B1:3A:A6:B3,3,4,1,,
4E:D0:EA:A6:2C:8F,3,4,1,,
46:F8:87:5E:E2:A4,3,4,1,,
A2:94:57:40:13:3A,3,4,1,,
E6:0C:69:2F:19:3E,3,4,1,,
BE:C6:3E:62:E9:A4,3,4,1,,
02:A6:BD:12:92:F3,3,4,1,,
FE:C2:9D:49:1E:38,3,4,1,,
B2:73:3C:A2:52:70,3,4,1,,
9E:5F:8D:B9:AF:69,3,4,1,,
F2:6D:41:52:15:63,3,4,1,,
B6:C1:F4:64:E8:B7,3,4,1,,
86:37:AB:31:A5:57,3,4,1,,
CE:C8:3E:BD:0D:D5,3,4,1,,
DA:A1:19:B3:47:9E,3,4,1,,
46:32:2F:A8:34:37,3,4,1,,
DA:44:E1:75:CB:B3,3,4,1,,
DA:A1:19:9A:00:DF,3,4,1,,
8E:1B:CF:4B:6B:66,3,4,1,,
66:DB:CA:35:55:EF,3,4,1,,
26:BB:79:AF:8B:47,3,4,1,,
A6:58:B1:F5:FB:CA,3,4,1,,
2E:5F:81:D4:05:D4,3,4,1,,
62:90:49:50:84:B5,3,4,1,,
FA:F5:FD:AC:DA:BA,3,4,1,,
2E:FD:48:C9:A4:F0,3,4,1,,
1E:19:2C:15:06:51,3,4,9,,
CA:75:54:4E:08:57,3,4,1,,
B2:DC:19:59:EE:C2,3,4,1,,
62:A9:01:E2:3E:A2,3,4,1,,
42:6F:6F:D4:50:8E,3,4,1,,
88:9C:AD:23:48:20,3,4,1,,
88:9C:AD:23:48:27,3,4,1,,
BA:23:55:5E:CF:7F,3,4,1,,
9E:00:91:68:70:15,3,4,1,,
AA:FF:62:40:7B:F6,3,4,1,,
3E:DE:63:3A:1B:A8,3,4,1,,
16:C6:FB:B8:97:D9,3,4,1,,
46:8D:42:4C:02:4D,3,4,1,,
DA:A1:19:38:32:B0,3,4,1,,
92:94:A8:A3:20:A9,3,4,1,,
DA:70:31:36:34:43,3,4,1,,
3E:26:B6:1A:B2:CD,3,4,1,,
F6:F1:CF:2D:2F:98,3,4,1,,
5A:ED:CA:A4:4C:DB,3,4,7,,
A2:67:E7:C6:1E:3B,3,4,1,,
8A:53:EF:0B:64:C7,3,4,1,,
FE:59:7A:00:7F:A5,3,4,1,,
DE:AA:F5:F0:24:8E,3,4,1,,
6A:EA:AD:BE:48:A3,3,4,1,,
9E:41:EF:B6:E3:1A,3,4,1,,
A6:20:46:14:0A:C4,3,4,1,,
56:80:E3:67:2D:5E,3,4,1,,
EA:79:F5:02:C7:14,3,4,1,,
D2:AD:96:B9:CC:60,3,4,1,,
9E:9E:3B:CB:61:24,3,4,1,,
D2:0C:E2:03:F8:73,3,4,1,,
82:31:D8:DC:82:D2,3,4,1,,
96:3B:93:5F:F2:5B,3,4,1,,
D6:98:32:90:A0:5A,3,4,1,,
E2:6A:C7:50:70:65,3,4,1,,
52:B3:D9:31:58:D6,3,4,1,,
A6:A0:0D:2E:5D:60,3,4,1,,
E2:BF:0E:36:FD:A4,3,4,1,,
DA:A1:19:16:34:AE,3,4,1,,
EE:EF:6F:F4:84:2D,3,4,1,,
0A:06:6B:0E:8F:BE,3,4,1,,
82:63:F8:23:5F:E7,3,4,1,,
76:01:75:B2:4C:70,3,4,1,,
1A:05:96:60:6F:39,3,4,1,,
2A:99:CE:0C:3A:AB,3,4,1,,
2A:E8:32:8B:C3:43,3,4,1,,
52:22:75:54:6B:85,3,4,1,,
66:07:61:41:13:75,3,4,1,,
62:B1:9A:74:78:E9,3,4,1,,
86:93:FC:E7:E2:AF,3,4,1,,
BE:5C:2F:CE:C6:11,3,4,1,,
82:BB:DD:D6:24:43,3,4,1,,
DA:A1:19:C7:65:92,3,4,1,,
AE:20:D0:5C:CF:C3,3,4,1,,
AA:C5:B7:99:F2:0B,3,4,1,,
EE:0C:74:40:BC:A4,3,4,1,,
5C:80:B6:EB:D0:0C,3,4,7,,
F6:8F:38:12:F8:D2,3,4,3,,
FE:86:C7:8D:05:97,3,4,1,,
72:B8:0B:29:6B:72,3,4,1,,
1A:13:30:FC:BE:04,3,4,1,,
D2:F4:A3:0A:36:04,3,4,1,,
C6:45:2C:09:54:59,3,4,1,,
BA:F0:AA:2A:53:E8,3,4,1,,
26:17:0A:70:B0:20,3,4,1,,
36:AE:B2:C2:08:8B,3,4,1,,
EE:7A:0F:14:D0:38,3,4,1,,
36:F2:AB:3E:1C:7F,3,4,1,,
12:95:DB:37:66:A2,3,4,1,,
D2:2C:15:DF:34:4A,3,4,1,,
C6:33:A0:DC:F3:31,3,4,1,,
DE:21:2F:52:90:4A,3,4,1,,
F2:97:5C:B5:20:6B,3,4,1,,
56:FF:36:5E:62:BE,3,4,1,,
62:AB:71:02:01:55,3,4,4,,
0E:69:37:76:91:EA,3,4,1,,
0E:B6:7A:9D:5B:3A,3,4,1,,
FA:52:54:75:A2:C6,3,4,1,,
AA:85:EB:3B:D2:29,3,4,1,,
56:7C:0B:2A:DA:1D,3,4,1,,
5E:0E:78:D4:D6:C3,3,4,1,,
C2:FB:8A:F4:3A:45,3,4,1,,
8E:20:24:0A:71:E3,3,4,1,,
F2:E6:1D:31:7A:90,3,4,1,,
7E:7E:C5:C7:0A:04,3,4,1,,
8A:2C:3F:DF:3F:2D,3,4,1,,
1A:8A:58:0E:1A:D3,3,4,1,,
0A:BE:B0:49:A6:5C,3,4,1,,
BE:9E:93:85:C4:3B,3,4,2,,
4A:C9:CF:73:43:01,3,4,1,,
A6:DC:30:91:33:6B,3,4,1,,
52:61:34:42:51:C9,3,4,1,,
3A:D4:73:49:8C:75,3,4,1,,
7E:4B:3B:F6:FA:B8,3,4,1,,
06:98:BA:19:1C:07,3,4,1,,
F0:B6:1E:A8:37:DE,3,4,13,,
A6:9C:91:68:60:2A,3,4,1,,
D2:37:8B:9A:6A:13,3,4,1,,
82:6D:81:94:98:09,3,4,1,,
12:21:6E:30:B7:2C,3,4,1,,
D6:83:CD:C6:75:C2,3,4,1,,
BE:E5:67:D2:DF:DE,3,4,1,,
22:FC:93:99:AF:B0,3,4,1,,
36:5E:CA:F5:18:FE,3,4,1,,
16:4F:1A:76:8B:FF,3,4,1,,
76:2F:D5:93:12:37,3,4,1,,
9A:5C:D0:AA:49:E1,3,4,1,,
62:ED:21:E7:7E:9B,3,4,1,,
4E:5B:57:9A:0B:29,3,4,1,,
F6:9A:92:BF:F7:2A,3,4,1,,
DE:FA:A4:EF:C2:40,3,4,1,,
DA:A1:19:8F:46:E1,3,4,1,,
F2:EA:3D:AB:EF:5E,3,4,1,,
92:D5:EF:0A:94:43,3,4,1,,
C6:DA:A0:37:7E:06,3,4,1,,
BE:AD:C0:70:41:23,3,4,1,,
96:0D:DB:B1:AA:4A,3,4,1,,
5A:A8:8C:58:7B:50,3,4,1,,
76:91:79:53:D6:67,3,4,1,,
3A:48:3B:56:13:1B,3,4,1,,
3A:EA:48:87:BC:60,3,4,1,,
7A:EC:DC:BA:06:1C,3,4,1,,
1E:19:E4:2F:A2:DD,3,4,1,,
9E:7E:FD:AF:78:15,3,4,1,,
8E:EE:C9:3F:40:50,3,4,1,,
FE:FD:2A:54:FF:F9,3,4,1,,
FE:1A:36:61:81:78,3,4,1,,
EE:3A:28:E6:7A:53,3,4,1,,
36:A4:CC:BC:AD:88,3,4,1,,
F2:4B:3E:D2:46:EE,3,4,1,,
02:B1:3B:D4:61:F7,3,4,1,,
D6:E0:E3:44:52:B6,3,4,1,,
B6:A3:F7:AF:07:63,3,4,1,,
0E:35:8F:EF:56:E7,3,4,1,,
3E:FA:6D:86:52:C9,3,4,1,,
AE:F9:AB:E2:97:1D,3,4,1,,
70:A6:CC:0A:2A:A3,3,4,3,,
3A:A6:F9:96:55:67,3,4,1,,
C6:B8:B4:52:DB:5B,3,4,1,,
80:32:53:72:3E:31,3,4,6,,
12:E3:2D:9B:4D:0D,3,4,1,,
DA:A1:19:18:73:15,3,4,1,,
02:DD:60:54:A2:71,3,4,1,,
F2:61:95:14:12:38,3,4,1,,
4E:06:B2:C7:11:49,3,4,1,,
1A:5B:18:15:96:E8,3,4,1,,
8A:D3:86:CA:97:E0,3,4,1,,
A2:AB:7E:96:E6:64,3,4,1,,
DE:52:36:63:9F:DE,3,4,1,,
96:44:D4:32:8D:6D,3,4,1,,
02:90:4D:11:F4:3B,3,4,1,,
6E:AD:9F:B0:40:16,3,4,1,,
8A:34:DF:34:4B:F6,3,4,1,,
5A:90:00:5E:8E:22,3,4,1,,
62:39:3C:C4:FF:83,3,4,1,,
26:78:78:0E:C0:A5,3,4,1,,
CA:C5:F6:07:FE:98,3,4,1,,
DE:35:FF:2E:49:22,3,4,1,,
E2:B4:04:B9:3C:98,3,4,1,,
BE:C5:F6:1B:0B:18,3,4,1,,
AC:67:5D:B7:7A:14,3,4,2,,
A8:DB:03:5B:2F:94,3,4,8,,
DC:71:96:25:B3:31,3,4,1,,
4A:3F:79:99:28:05,3,4,1,,
86:07:9C:B3:BA:E5,3,4,1,,
C2:E9:CC:61:8C:D3,3,4,1,,
4E:4E:2E:DF:9A:CF,3,4,1,,
E6:E1:22:C8:5A:01,3,4,1,,
A2:48:D1:58:CB:FE,3,4,1,,
9A:20:16:C2:DA:CE,3,4,1,,
F2:74:F8:A1:52:B2,3,4,1,,
3A:D4:7B:76:A9:E0,3,4,5,,
92:C7:21:7A:D2:75,3,4,1,,
DA:EE:E5:03:1A:3A,3,4,1,,
FE:8A:3F:23:87:CE,3,4,1,,
FE:05:82:50:2E:F2,3,4,1,,
D6:F6:2C:F0:91:A7,3,4,1,,
AA:57:63:2B:B4:88,3,4,1,,
3A:3C:70:E4:D5:45,3,4,1,,
9E:D3:28:4C:85:ED,3,4,1,,
3A:F5:37:ED:77:F5,3,4,1,,
5A:B2:58:50:61:83,3,4,1,,
D2:05:50:FF:95:1A,3,4,1,,
2E:57:7B:1C:60:2D,3,4,1,,
EA:F2:CE:2C:D8:CE,3,4,1,,
D2:FC:31:99:E7:50,3,4,1,,
66:BA:A0:56:81:A4,3,4,1,,
FA:83:07:65:D7:1F,3,4,1,,
2A:70:1B:E7:46:88,3,4,1,,
3E:A4:F9:A5:88:8C,3,4,1,,
0E:48:4D:DF:3F:70,3,4,1,,
BA:1C:8C:CE:A8:BC,3,4,1,,
A6:0F:6C:3F:BE:EB,3,4,1,,
EE:48:F7:34:5F:43,3,4,1,,
FA:5F:50:77:EC:39,3,4,1,,
E6:CD:31:33:F5:98,3,4,1,,
36:0B:D6:BC:C6:84,3,4,1,,
A4:6B:B6:CE:35:FB,3,4,3,,
4E:3C:4E:95:01:EA,3,4,1,,
3A:FC:2F:39:23:C8,3,4,1,,
E2:25:74:73:94:94,3,4,1,,
C2:A6:AA:87:41:07,3,4,1,,
3E:36:A5:2F:A0:15,3,4,1,,
02:87:D7:C4:96:EF,3,4,1,,
72:B2:31:5F:FF:67,3,4,1,,
EE:D9:B1:81:0B:66,3,4,1,,
F6:8D:65:39:72:C4,3,4,1,,
B6:46:5C:40:ED:20,3,4,1,,
5E:77:84:E5:62:1A,3,4,1,,
DA:5E:EB:C7:26:46,3,4,1,,
4E:E7:59:B3:35:23,3,4,1,,
2E:F0:7A:E2:AD:4A,3,4,1,,
D6:47:36:37:99:93,3,4,1,,
72:E6:42:3E:DE:D7,3,4,1,,
0E:07:03:38:7C:01,3,4,1,,
92:F3:09:15:2E:68,3,4,1,,
C6:BD:F1:3C:FF:02,3,4,1,,
86:CC:B0:21:B4:AF,3,4,1,,
86:9B:A6:5B:82:DF,3,4,1,,
56:11:52:11:FD:34,3,4,1,,
D6:36:C5:13:46:CF,3,4,1,,
C6:CE:61:C4:32:36,3,4,1,,
B6:13:05:23:12:49,3,4,1,,
6E:DD:23:C9:A4:64,3,4,1,,
BE:A2:AF:4B:D2:0D,3,4,1,,
26:84:AF:54:D4:69,3,4,1,,
CA:02:73:1E:3B:96,3,4,1,,
3E:E2:89:33:D2:0F,3,4,1,,
1E:3A:4D:54:FB:CF,3,4,1,,
3A:CC:B9:5D:47:AE,3,4,1,,
DE:20:02:16:62:C2,3,4,1,,
BA:EF:EE:32:A8:95,3,4,1,,
F6:0C:ED:DB:FB:51,3,4,1,,
1E:1A:F8:1D:20:AB,3,4,1,,
76:92:64:C2:95:57,3,4,1,,
7A:8F:9E:E7:41:B3,3,4,1,,
DA:46:32:67:B8:A6,3,4,1,,
BA:43:4F:A8:D5:12,3,4,1,,
2E:EE:BF:85:01:36,3,4,1,,
EA:63:B0:9D:D9:32,3,4,1,,
7E:EA:ED:4B:B4:83,3,4,1,,
52:C1:59:78:BA:14,3,4,1,,
C2:1B:C4:15:C8:38,3,4,1,,
BE:CA:23:E2:8A:B3,3,4,1,,
26:28:DA:33:E6:B5,3,4,1,,
0A:07:78:77:70:94,3,4,1,,
A2:1A:A2:C6:43:84,3,4,1,,
EE:3B:20:FE:5B:7A,3,4,1,,
2A:93:DE:90:CA:CE,3,4,1,,
3E:B0:8B:AD:56:31,3,4,1,,
F6:CD:87:E9:73:5C,3,4,1,,
7A:5B:BB:26:EB:0F,3,4,1,,
5A:57:CD:0F:72:20,3,4,1,,
A2:31:46:50:8B:46,3,4,1,,
72:7F:FD:3D:A8:D7,3,4,1,,
E6:A7:4F:3F:0F:F4,3,4,1,,
56:80:9A:14:8E:20,3,4,1,,
6A:26:92:D6:C3:B5,3,4,1,,
22:37:A6:34:9A:A7,3,4,1,,
A6:7B:1E:DE:20:34,3,4,1,,
86:B1:07:B5:7C:47,3,4,1,,
3A:6A:55:0B:DF:30,3,4,1,,
C2:01:59:C7:25:D5,3,4,1,,
76:37:6A:85:FC:14,3,4,1,,
5E:93:C1:59:F8:54,3,4,1,,
64:6E:69:6A:F1:AF,3,4,5,,
7C:6B:9C:AB:C5:B9,3,4,4,,
F2:E6:1A:AD:AB:BB,3,4,1,,
32:B5:B9:60:D2:85,3,4,1,,
DE:52:7C:30:9C:60,3,4,1,,
26:0F:93:47:E9:1A,3,4,1,,
42:14:F7:E7:54:21,3,4,1,,
DA:C0:16:DF:E3:BE,3,4,1,,
92:A0:D9:11:33:E3,3,4,1,,
CA:CF:F7:E2:35:91,3,4,1,,
06:62:EE:88:C4:33,3,4,1,,
36:62:5E:B2:31:3A,3,4,1,,
82:B4:21:C0:9D:BF,3,4,1,,
E2:74:9F:A0:37:F8,3,4,1,,
2A:E7:67:A9:52:69,3,4,1,,
4E:46:0B:22:33:90,3,4,1,,
3E:67:7A:F4:E8:42,3,4,1,,
24:77:03:95:A9:D0,3,4,3,,
7A:54:8B:97:CD:7F,3,4,1,,
B2:5B:B7:C9:4B:12,3,4,1,,
6E:4E:0A:6E:50:7C,3,4,1,,
EA:75:99:6A:BF:00,3,4,1,,
2E:67:FC:93:ED:F6,3,4,1,,
3E:31:1B:CC:BB:D8,3,4,1,,
A6:07:88:21:83:F3,3,4,1,,
A4:6B:B6:E8:68:1D,3,4,6,,
96:A6:51:68:C2:1E,3,4,1,,
E2:3D:BA:94:C5:DE,3,4,1,,
C2:EC:A5:8B:E2:9F,3,4,1,,
96:D4:50:11:4E:EE,3,4,1,,
1E:48:F7:47:30:FC,3,4,1,,
86:5E:50:C4:B8:7C,3,4,1,,
92:FD:1C:EF:EA:83,3,4,1,,
A6:C3:82:A8:FB:C8,3,4,1,,
06:17:6F:8C:15:CE,3,4,1,,
96:68:3D:93:E6:50,3,4,1,,
52:F4:0D:15:B9:32,3,4,1,,
B2:5E:72:7C:E2:EB,3,4,1,,
C6:C0:15:30:9F:07,3,4,1,,
6E:61:7D:35:3C:ED,3,4,1,,
BA:3D:A3:76:5B:F3,3,4,1,,
76:CD:F6:A7:A8:F6,3,4,1,,
12:3C:FD:51:6B:29,3,4,1,,
16:E0:BD:2C:D4:17,3,4,1,,
92:D8:FA:8D:65:66,3,4,1,,
52:50:9C:68:71:15,3,4,1,,
6E:29:A7:68:99:22,3,4,1,,
26:48:91:E5:47:F7,3,4,1,,
1A:BF:0A:E4:D4:CB,3,4,1,,
7A:A7:D2:C2:DC:8E,3,4,1,,
F6:1B:84:69:5A:C4,3,4,1,,
7A:0B:1E:52:47:0D,3,4,1,,
6E:48:5D:6B:76:04,3,4,1,,
62:04:82:3E:26:B2,3,4,1,,
12:3A:73:1A:1D:45,3,4,1,,
46:D4:48:29:07:8C,3,4,1,,
42:2B:A8:CA:6B:A8,3,4,1,,
02:8E:BA:E1:81:89,3,4,1,,
DA:A1:19:1E:FC:9B,3,4,1,,
9E:80:9D:BA:E8:D3,3,4,1,,
4E:B7:2A:7A:D5:7A,3,4,1,,
EA:48:A7:79:D6:7D,3,4,1,,
62:EF:0E:C8:16:0E,3,4,1,,
46:EB:48:39:D5:F6,3,4,1,,
52:BE:A5:6F:33:FB,3,4,1,,
96:8C:A9:17:D5:A0,3,4,1,,
6E:19:A1:E7:17:D3,3,4,1,,
DA:C7:A0:7A:10:DA,3,4,1,,
56:D0:C3:71:BB:56,3,4,1,,
72:8A:3D:1E:0D:1A,3,4,1,,
C6:C7:27:D2:DD:C6,3,4,8,,
92:5F:F3:33:20:90,3,4,1,,
4E:2E:47:CB:10:8B,3,4,1,,
5A:0E:C4:B7:C5:06,3,4,1,,
E6:EA:FD:FB:04:0E,3,4,1,,
16:9F:57:6D:3E:FF,3,4,1,,
5E:AC:9B:9A:9F:45,3,4,1,,
1A:93:7B:FE:B2:AF,3,4,1,,
86:D1:B1:ED:93:68,3,4,1,,
1E:AF:A3:55:82:55,3,4,1,,
DC:71:96:85:CB:EF,3,4,2,,
E6:4D:9B:B3:1A:79,3,4,1,,
42:04:BB:A4:B6:6D,3,4,1,,
E6:2F:57:42:DE:33,3,4,1,,
D2:BC:38:91:09:48,3,4,1,,
C2:F9:98:27:BD:DB,3,4,1,,
6A:6F:B4:3C:4F:3F,3,4,1,,
AE:BB:7D:FA:EE:9F,3,4,1,,
A6:EF:7A:5B:4C:88,3,4,1,,
0E:C5:53:47:36:7C,3,4,1,,
CA:71:E5:AD:31:81,3,4,1,,
8A:CB:88:9B:B3:9B,3,4,1,,
56:45:87:80:C9:80,3,4,1,,
52:79:16:43:C0:63,3,4,1,,
42:92:E0:CA:A0:0C,3,4,1,,
0A:BA:12:F9:3F:59,3,4,1,,
F0:B6:1E:BB:69:A8,3,4,9,,
12:7D:15:A0:78:34,3,4,1,,
2E:1D:56:A0:CB:4B,3,4,1,,
0A:12:7B:D0:2F:CB,3,4,1,,
92:A2:36:18:41:18,3,4,1,,
92:2A:BE:84:B2:55,3,4,1,,
62:C0:D0:D7:C8:0C,3,4,1,,
FA:77:A5:C3:0A:6B,3,4,1,,
2E:33:5E:D3:79:81,3,4,1,,
DA:A1:19:66:7F:C4,3,4,1,,
52:91:28:5A:6D:A8,3,4,1,,
66:2A:66:0D:E8:39,3,4,1,,
4E:71:FA:AC:BD:EE,3,4,1,,
A2:EE:C6:56:14:3D,3,4,1,,
82:E1:1D:A7:A7:7A,3,4,1,,
16:38:73:F1:00:C1,3,4,1,,
3A:A6:E5:C5:AF:A8,3,4,1,,
06:B4:BC:14:83:52,3,4,1,,
AA:BD:CB:70:F6:68,3,4,1,,
FA:C8:48:8C:1C:7B,3,4,1,,
26:AC:75:07:DC:E3,3,4,1,,
82:F5:76:EB:B3:05,3,4,1,,
36:EE:30:11:ED:93,3,4,1,,
DA:59:E2:C6:6C:CD,3,4,1,,
76:B9:1C:8D:CF:AA,3,4,1,,
AE:9A:1C:DC:DF:7D,3,4,1,,
0A:51:F3:4C:47:D0,3,4,1,,
16:1A:32:35:20:B6,3,4,1,,
EE:5B:87:57:D9:D8,3,4,1,,
62:AE:01:E0:0E:D2,3,4,1,,
F6:78:34:8E:67:F7,3,4,1,,
56:02:99:C7:AD:6E,3,4,1,,
96:27:95:33:17:5A,3,4,1,,
92:C1:54:6A:42:1C,3,4,1,,
26:7F:C6:E8:87:0F,3,4,1,,
02:C0:29:FE:29:39,3,4,1,,
52:3F:F6:8D:D1:5A,3,4,1,,
F6:82:0E:5E:9F:63,3,4,1,,
6E:1F:3A:7D:FC:28,3,4,1,,
32:5A:43:2B:AC:77,3,4,1,,
FA:FA:14:36:5C:CE,3,4,1,,
92:C7:3B:C1:73:41,3,4,1,,
E2:0C:F9:08:F1:42,3,4,1,,
EA:0B:45:08:9B:34,3,4,1,,
62:3C:48:44:1D:F5,3,4,1,,
0E:2B:01:8A:51:1D,3,4,1,,
DA:A1:19:35:6B:59,3,4,1,,
D6:96:A5:60:2A:D2,3,4,1,,
3A:12:B9:88:64:93,3,4,1,,
32:E7:AB:C2:B0:09,3,4,1,,
02:7D:2A:41:F9:E1,3,4,1,,
82:B5:E6:A2:F0:5D,3,4,1,,
8A:4F:39:6F:88:19,3,4,1,,
F2:F3:AB:2B:5E:19,3,4,1,,
36:FF:0C:2F:DF:46,3,4,1,,
D2:0B:F6:25:4D:4C,3,4,1,,
8E:EA:B4:76:4F:B3,3,4,1,,
EE:43:E0:F4:F6:CB,3,4,1,,
CE:8B:38:E2:62:F9,3,4,1,,
36:2D:27:C5:E0:CC,3,4,1,,
A6:ED:29:6D:21:26,3,4,1,,
62:8F:28:08:14:11,3,4,1,,
3E:7E:A6:C3:77:CB,3,4,1,,
96:98:3D:1F:0A:3B,3,4,1,,
3E:06:7F:93:8A:1E,3,4,1,,
E6:4D:D8:14:4D:29,3,4,1,,
C2:29:96:12:68:45,3,4,1,,
B6:FE:6A:F4:1A:64,3,4,1,,
D6:5E:FB:7D:FB:DC,3,4,1,,
E2:FB:D4:C1:DE:FF,3,4,1,,
0A:C6:E1:42:BE:EC,3,4,1,,
02:F4:4E:50:AB:80,3,4,1,,
9E:C7:99:D3:45:7D,3,4,1,,
E2:2D:8D:8E:D1:D2,3,4,1,,
6E:DD:88:4B:D9:2A,3,4,1,,
56:49:FF:9F:34:BC,3,4,1,,
5A:43:51:45:40:AD,3,4,1,,
A2:51:68:FF:72:3C,3,4,1,,
82:B7:95:1B:0C:2A,3,4,1,,
6E:A0:18:55:78:CF,3,4,1,,
EE:C0:0E:35:CA:AE,3,4,1,,
4A:43:EC:51:26:CE,3,4,1,,
BA:33:8D:18:89:8A,3,4,1,,
46:AC:F8:46:82:36,3,4,1,,
0A:4A:0C:53:58:62,3,4,1,,
36:CD:BB:A2:3C:A8,3,4,1,,
2A:9B:91:A2:34:0C,3,4,1,,
0E:7C:07:36:E0:15,3,4,1,,
EA:5D:E9:DD:93:8F,3,4,1,,
66:B3:DD:BF:9F:CF,3,4,1,,
EA:61:7D:7F:97:99,3,4,1,,
16:9C:F0:04:44:7A,3,4,1,,
70:A6:CC:0A:39:44,3,4,7,,
9A:C7:A3:2A:12:13,3,4,1,,
66:22:55:44:74:B1,3,4,1,,
4A:14:62:88:78:9C,3,4,1,,
4A:92:A2:F3:F5:D5,3,4,1,,
BA:58:0F:4D:9A:4F,3,4,1,,
F6:A3:EA:3F:EF:45,3,4,1,,
B2:40:45:7F:F6:EF,3,4,1,,
96:8D:C5:A8:31:42,3,4,1,,
28:7F:CF:5F:68:1F,3,4,1,,
D6:8C:E4:C1:14:BF,3,4,1,,
C6:16:D5:57:28:9D,3,4,1,,
5E:CF:FE:4C:6D:AD,3,4,1,,
72:7B:4F:B9:EA:49,3,4,1,,
CE:74:3A:81:3A:C2,3,4,1,,
BE:5C:AC:DD:E5:0E,3,4,1,,
2A:BB:5C:D8:D3:74,3,4,1,,
4E:81:5A:DE:2E:4F,3,4,1,,
A2:E4:D6:86:95:32,3,4,1,,
2A:56:AA:69:E8:47,3,4,1,,
AE:31:99:34:FE:CD,3,4,1,,
2C:57:41:53:3D:EB,3,4,1,,
26:B6:4C:D6:9C:CC,3,4,1,,
66:4F:B6:D9:4F:87,3,4,1,,
C2:7C:55:73:AF:6D,3,4,1,,
7A:00:7A:9C:C8:23,3,4,1,,
A4:97:B1:12:E6:09,3,4,1,,
E6:5F:B7:32:7E:0A,3,4,1,,
66:3A:C9:18:59:7E,3,4,1,,
F6:FC:B9:90:82:95,3,4,1,,
6E:B9:0A:40:0F:92,3,4,1,,
4A:60:F4:76:E1:FC,3,4,1,,
56:6F:64:41:EA:CB,3,4,1,,
F6:09:28:4D:EC:31,3,4,1,,
AE:9D:7C:6D:F4:9F,3,4,1,,
1E:08:CF:40:C2:44,3,4,1,,
8E:12:D6:17:BE:AA,3,4,2,,
FE:20:40:C4:9B:1F,3,4,1,,
AA:8A:B2:20:B2:19,3,4,1,,
06:5D:0C:28:E3:84,3,4,1,,
42:F8:6B:D7:0D:88,3,4,1,,
F2:E1:B3:8C:4E:57,3,4,1,,
82:4B:D5:D3:05:5E,3,4,1,,
16:F1:15:51:08:66,3,4,1,,
B6:D2:26:A9:CD:DD,3,4,1,,
BE:79:C0:02:05:F9,3,4,1,,
C2:DE:95:43:AB:CC,3,4,1,,
52:4E:37:BC:66:D3,3,4,1,,
EE:B0:2A:89:FC:8E,3,4,1,,
1E:03:7B:60:2E:D3,3,4,1,,
3A:00:A1:E4:BD:C2,3,4,1,,
AE:5A:26:75:85:54,3,4,1,,
02:3B:03:15:8F:30,3,4,1,,
CE:31:37:A9:8D:5D,3,4,1,,
AA:5A:87:1E:14:A9,3,4,1,,
26:83:71:DD:30:59,3,4,1,,
D2:B6:E0:7D:E0:45,3,4,1,,
A2:8D:06:A5:52:81,3,4,1,,
32:26:F5:05:B3:27,3,4,1,,
1E:34:DF:A7:77:09,3,4,1,,
AE:96:91:85:1F:DD,3,4,1,,
C6:0B:FC:DB:B5:E0,3,4,1,,
7A:08:D1:95:81:90,3,4,1,,
AA:4D:20:47:1B:9D,3,4,1,,
F2:ED:C7:99:FB:18,3,4,1,,
1A:01:E6:2E:DD:CB,3,4,1,,
DE:FC:78:F4:ED:47,3,4,1,,
62:29:34:DE:A8:CA,3,4,1,,
6E:4F:E8:AB:BC:49,3,4,1,,
0A:64:F4:61:53:65,3,4,1,,
BE:B5:94:A5:BF:A2,3,4,1,,
AA:24:C1:FF:B5:57,3,4,1,,
12:7E:08:05:6A:0B,3,4,1,,
5E:D5:75:68:EE:C5,3,4,1,,
8E:64:CB:21:A3:56,3,4,1,,
F2:80:97:22:DE:D3,3,4,1,,
CE:44:EB:9C:A7:CC,3,4,1,,
72:02:37:23:E0:BE,3,4,1,,
16:4C:D5:3A:39:02,3,4,1,,
12:F2:D9:96:5D:1E,3,4,1,,
CA:96:66:4E:9B:8A,3,4,1,,
5A:54:65:57:45:B5,3,4,1,,
10:68:38:E9:91:66,3,4,1,,
C6:5F:0F:4E:10:14,3,4,1,,
DE:DE:A6:A8:B6:03,3,4,1,,
6A:62:48:CA:BF:E8,3,4,1,,
6A:FD:D4:5C:D0:72,3,4,1,,
8E:F5:46:89:86:A2,3,4,1,,
A6:77:61:54:12:A1,3,4,1,,
46:53:FF:B6:E5:36,3,4,1,,
CA:D8:11:21:57:A7,3,4,1,,
46:7F:25:90:F7:F1,3,4,1,,
0A:DB:C6:00:EB:F9,3,4,1,,
1A:FC:E9:2E:75:55,3,4,1,,
9A:FE:B2:5E:D8:51,3,4,1,,
5E:D5:B9:23:4D:57,3,4,1,,
96:6C:A3:86:A5:78,3,4,1,,
BE:E5:F3:67:9A:95,3,4,2,,
EA:8A:D1:18:AD:E6,3,4,1,,
FA:49:4B:01:C5:D6,3,4,1,,
32:0D:19:FB:17:63,3,4,1,,
02:83:95:71:33:27,3,4,1,,
EE:25:F6:64:F3:C0,3,4,1,,
02:4B:DA:FC:25:FA,3,4,1,,
26:C6:B4:EE:03:EE,3,4,1,,
9E:47:0D:31:A5:B7,3,4,1,,
3A:87:A7:FB:0A:DA,3,4,1,,
62:4C:9F:45:FB:B3,3,4,1,,
C6:F2:03:7B:6D:46,3,4,1,,
F2:E2:1E:85:AD:C5,3,4,1,,
D2:11:51:B8:F0:A5,3,4,1,,
1A:17:35:DC:33:49,3,4,1,,
D2:ED:14:FA:ED:47,3,4,1,,
EE:B8:48:AA:5F:AE,3,4,1,,
56:C3:6D:E5:A6:B5,3,4,1,,
CA:53:91:8B:81:6F,3,4,1,,
4E:9E:68:1A:DE:03,3,4,1,,
EA:9D:FC:43:E4:07,3,4,1,,
4C:A6:4D:7A:43:23,3,4,3,,
E6:27:10:48:30:55,3,4,1,,
DE:AE:35:F5:CA:B7,3,4,1,,
C2:46:23:8E:35:CD,3,4,1,,
4E:15:99:92:E9:F4,3,4,1,,
A6:B3:43:15:CD:BD,3,4,1,,
E2:7C:72:72:8E:E0,3,4,1,,
DA:A1:19:03:46:2D,3,4,1,,
AE:54:B1:A2:37:3C,3,4,1,,
BA:DD:98:C2:01:14,3,4,1,,
FE:20:CF:DD:AB:F4,3,4,1,,
72:F2:6D:57:08:23,3,4,1,,
C2:A2:9A:99:37:5C,3,4,1,,
F2:C2:84:3A:26:7A,3,4,1,,
12:CF:21:F5:BA:F7,3,4,1,,
C2:C0:0C:AA:7D:AE,3,4,1,,
E2:6D:84:8A:D0:6E,3,4,1,,
6A:EC:FD:4C:AA:FF,3,4,1,,
4A:13:82:9A:17:F9,3,4,1,,
72:64:AE:5A:66:18,3,4,1,,
AE:FF:26:4A:70:25,3,4,1,,
BE:DB:FD:9B:7C:56,3,4,1,,
2A:0A:72:FE:5D:30,3,4,1,,
5E:4A:BF:1A:EA:8C,3,4,1,,
B6:CB:5A:BC:C1:F8,3,4,1,,
5A:82:B5:A5:F0:76,3,4,1,,
6A:98:A6:F3:06:29,3,4,1,,
DE:57:83:4F:11:90,3,4,1,,
88:9C:AD:1C:80:20,3,4,1,,
88:9C:AD:1C:80:2F,3,4,1,,
2E:37:AB:FA:8F:D6,3,4,1,,
FE:46:F6:95:6E:F4,3,4,1,,
E6:7E:9C:F2:62:08,3,4,1,,
6E:70:E8:71:7D:EA,3,4,1,,
C6:6E:FF:4F:F2:A6,3,4,1,,
BA:EC:74:FD:42:BD,3,4,1,,
96:F9:E0:9E:40:63,3,4,1,,
4A:0B:9F:51:9B:6F,3,4,1,,
D6:BA:D1:02:87:30,3,4,1,,
3A:F2:1C:0E:EC:DA,3,4,1,,
22:0C:DD:EA:96:46,3,4,1,,
02:95:A3:4E:A5:C2,3,4,1,,
9E:DB:8B:5F:54:8F,3,4,1,,
86:A7:68:BC:F3:3F,3,4,1,,
EA:82:3E:22:AC:49,3,4,1,,
9C:FC:E8:B5:01:12,3,4,1,,
62:07:6B:72:86:6E,3,4,1,,
8E:81:0C:9A:96:1B,3,4,1,,
8A:87:C0:39:4C:31,3,4,1,,
2E:07:E4:84:26:C0,3,4,1,,
A2:09:43:7B:7D:CD,3,4,1,,
AA:97:26:D6:66:EF,3,4,1,,
4A:97:E3:66:A0:D5,3,4,1,,
76:50:87:C1:23:BA,3,4,1,,
FE:91:B9:49:06:C3,3,4,1,,
2E:D0:9C:EB:8D:FC,3,4,1,,
4A:A4:A0:BA:5B:8F,3,4,1,,
B2:8F:D6:15:78:E2,3,4,1,,
86:FE:C6:6D:BA:8C,3,4,1,,
F2:05:22:07:AD:AC,3,4,1,,
C6:72:06:B2:3E:A2,3,4,1,,
32:18:D3:A6:6A:3A,3,4,1,,
2A:D8:30:24:FF:CD,3,4,1,,
C6:DB:43:7E:ED:DA,3,4,1,,
4E:31:37:62:C4:AA,3,4,1,,
96:07:CE:1F:CE:62,3,4,1,,
10:B1:DF:6A:B6:0F,3,4,2,,
1E:8E:60:39:3D:84,3,4,1,,
2E:6F:BA:5C:AC:B9,3,4,1,,
EA:27:98:D3:12:A2,3,4,1,,
3E:65:05:D2:64:9B,3,4,1,,
9A:B6:A2:85:69:4A,3,4,1,,
66:5B:E2:1A:16:0C,3,4,1,,
FE:1E:A9:00:19:81,3,4,1,,
1A:14:AB:7C:B3:59,3,4,1,,
0A:28:4A:F8:EB:D7,3,4,1,,
66:25:26:0C:3C:31,3,4,1,,
EE:7C:8F:C6:62:B3,3,4,1,,
72:57:8D:0F:06:5B,3,4,1,,
EE:2D:31:5F:5A:0E,3,4,1,,
62:01:0D:31:7E:3C,3,4,1,,
7A:41:D5:41:6A:C1,3,4,1,,
66:FA:F0:39:43:BF,3,4,1,,
4A:3D:E7:7B:E3:73,3,4,1,,
52:31:3A:E7:3B:37,3,4,1,,
AE:B8:39:B4:A9:85,3,4,1,,
26:1A:00:DA:61:A7,3,4,1,,
4A:6C:C4:45:29:BF,3,4,1,,
12:81:43:16:28:F0,3,4,1,,
BA:1E:E7:D1:6D:51,3,4,1,,
92:69:AC:C7:D0:59,3,4,1,,
8E:D6:B8:37:00:0C,3,4,1,,
CE:CC:7A:3A:11:2B,3,4,1,,
1E:13:23:12:2A:3E,3,4,1,,
6A:5F:00:E2:C5:AB,3,4,1,,
56:8E:D8:39:12:4E,3,4,1,,
4E:07:34:67:03:0F,3,4,1,,
1A:7C:5D:AD:FB:E9,3,4,1,,
82:5E:1E:1F:C5:27,3,4,1,,
AE:FB:5D:16:F9:63,3,4,1,,
A6:5F:84:C6:6B:E9,3,4,1,,
0E:59:BF:61:3F:2C,3,4,1,,
36:CC:09:C9:EC:51,3,4,1,,
86:78:D5:E2:77:A4,3,4,1,,
6E:8D:67:94:D9:9A,3,4,1,,
7E:1C:4E:ED:B7:1C,3,4,1,,
3A:5B:C9:4B:A8:4D,3,4,1,,
4E:4B:9B:EF:81:2F,3,4,1,,
4A:7D:26:7E:6B:BD,3,4,1,,
A6:B6:E2:B1:65:3E,3,4,1,,
4E:33:AB:48:3A:14,3,4,1,,
2A:5D:58:00:36:8B,3,4,1,,
56:B0:3B:19:F7:74,3,4,1,,
58:6C:25:2C:B7:D5,3,4,1,,
B2:E4:D4:73:2C:A6,3,4,1,,
DA:A1:19:D3:1F:EE,3,4,1,,
92:3D:B4:28:13:D8,3,4,1,,
FE:10:BA:DA:76:07,3,4,1,,
B2:D8:21:05:BA:54,3,4,1,,
2E:0B:F4:45:66:4B,3,4,1,,
22:12:5D:03:8D:19,3,4,1,,
DA:A1:19:B4:DC:F1,3,4,1,,
BE:52:30:C8:0D:79,3,4,1,,
5A:A2:32:98:03:CB,3,4,1,,
F4:BD:9E:3B:99:A0,3,4,1,,
F4:BD:9E:3B:99:AF,3,4,1,,
CA:8B:07:E5:89:26,3,4,1,,
0A:39:68:AF:22:30,3,4,1,,
E2:9C:7E:1F:C2:01,3,4,1,,
70:A6:CC:09:D3:91,3,4,1,,
FC:E2:6C:14:85:C1,3,4,1,,
FA:87:A8:59:09:B8,3,4,1,,
72:15:82:17:23:46,3,4,1,,
10:51:07:EE:83:AB,3,4,1,,
52:92:33:4C:0E:A0,3,4,1,,
82:19:68:5C:00:CA,3,4,1,,
E6:78:7C:AF:12:39,3,4,1,,
3E:DD:F3:B8:25:74,3,4,1,,
4A:B3:2D:B0:F0:E8,3,4,1,,
6E:BA:82:54:FC:BA,3,4,1,,
7E:68:E7:59:25:60,3,4,1,,
5C:80:B6:04:4C:E1,3,4,1,,
